Город;Сущ.Предложный;Сущ.Родительный;Сущ.Дательный;Сущ.Винительный;Прилагательное;Прил.Единств.Родительный;Прил.Единств.Дательный;Прил.Единств.Винительный;Прил.Единств.Предложный;Прил.Множеств.Родительный;Прил.Множеств.Дательный;Прил.Множеств.Вительный;Сленг;Область;Область. Родительный;Область. Предложный;Житель;Житель.Родительный;Житель.Дательный;Житель.Винительный;Житель.предложный
Москва;Москве;Москвы;Москве;Москву;Московский;Московского;московскому; московский;московском;московских;московским;московские;МСК;Московская область;Московской области;Московской области;Москвич;москвича;москвичу;москвича;москвиче
Абакан;Абакане;Абакана;Абакану;Абакан;Абаканский;Абаканского;Абаканскому;Абаканский;Абаканском;Абаканских;Абаканским;Абаканские;Абакан;Республика Хакасия;Республики Хакасия;Республике Хакасия;абаканец;абаканца;абаканцу;абаканца;абаканце
Азов;Азове;Азова;Азову;Азов;Азовский;Азовского;Азовскому;Азовский;Азовском;Азовских;Азовским;Азовские;Азов;Ростовская область;Ростовской области;Ростовской области;азовчанин;азовчанина;азовчанину;азовчанина;азовчанине
Аксай;Аксае;Аксая;Аксаю;Аксай;Аксайский;Аксайского;Аксайскому;Аксайский;Аксайском;Аксайских;Аксайским;Аксайские;Аксай;Ростовская область;Ростовской области;Ростовской области;аксайчанин;аксайчанина;аксайчанину;аксайчанина;аксайчанине
Александров;Александрове;Александрова;Александрову;Александров;Александровский;Александровского;Александровскому;Александровский;Александровском;Александровских;Александровским;Александровские;Алекс;Владимирская область;Владимирской области;Владимирской области;александровец;александровца;александровцу;александровца;александровце
Алексеевка;Алексеевке;Алексеевки;Алексеевке;Алексеевку;Алексеевский;Алексеевского;Алексеевскому;Алексеевский;Алексеевском;Алексеевских;Алексеевским;Алексеевские;Алексеевка;Белгородская область;Белгородской области;Белгородской области;алексеевец;алексеевца;алексеевцу;алексеевца;алексеевце
Альметьевск;Альметьевске;Альметьевска;Альметьевску;Альметьевск;Альметьевский;Альметьевского;Альметьевскому;Альметьевский;Альметьевском;Альметьевских;Альметьевским;Альметьевские;Альметка;Республика Татарстан;Республики Татарстан;Республике Татарстан;альметьевец;альметьевца;альметьевцу;альметьевца;альметьевце
Анапа;Анапе;Анапы;Анапе;Анапу;Анапский;Анапского;Анапскому;Анапский;Анапском;Анапских;Анапским;Анапские;Анапа;Краснодарский край;Краснодарского края;Краснодарском крае;анапчанин;анапчанина;анапчанину;анапчанина;анапчанине
Ангарск;Ангарске;Ангарска;Ангарску;Ангарск;Ангарский;Ангарского;Ангарскому;Ангарский;Ангарском;Ангарских;Ангарским;Ангарские;Ангарск;Иркутская область;Иркутской области;Иркутской области;ангарчанин;ангарчанина;ангарчанину;ангарчанина;ангарчанине
Анжеро-Судженск;Анжеро-Судженске;Анжеро-Судженска;Анжеро-Судженску;Анжеро-Судженск;Анжеро-cудженский;Анжеро-cудженского;Анжеро-cудженскому;Анжеро-cудженский;Анжеро-cудженском;Анжеро-cудженских;Анжеро-cудженским;Анжеро-cудженские;Анжеро-Судженск;Кемеровская область;Кемеровской области;Кемеровской области;анжеросудженец;анжеросудженца;анжеросудженцу;анжеросудженца;анжеросудженце
Апрелевка;Апрелевке;Апрелевки;Апрелевке;Апрелевку;Апрелевский;Апрелевского;Апрелевскому;Апрелевский;Апрелевском;Апрелевских;Апрелевским;Апрелевские;Апрелевка;Московская область;Московской области;Московской области;апрелевец;апрелевца;апрелевцу;апрелевца;апрелевце
Арзамас;Арзамасе;Арзамаса;Арзамасу;Арзамас;Арзамасский;Арзамасского;Арзамасскому;Арзамасский;Арзамасском;Арзамасских;Арзамасским;Арзамасские;Арзамас;Нижегородская область;Нижегородской области;Нижегородской области;арзамасец;арзамасца;арзамасцу;арзамасца;арзамасце
Армавир;Армавире;Армавира;Армавиру;Армавир;Армавирский;Армавирского;Армавирскому;Армавирский;Армавирском;Армавирских;Армавирским;Армавирские;Армавир;Краснодарский край;Краснодарского края;Краснодарском крае;армавирец;армавирца;армавирцу;армавирца;армавирце
Артем;Артеме;Артема;Артему;Артем;Артемовский;Артемовского;Артемовскому;Артемовский;Артемовском;Артемовских;Артемовским;Артемовские;Артем;Приморский край;Приморского края;Приморском крае;артёмовец;артёмовца;артёмовцу;артёмовца;артёмовце
Архангельск;Архангельске;Архангельска;Архангельску;Архангельск;Архангельский;Архангельского;Архангельскому;Архангельский;Архангельском;Архангельских;Архангельским;Архангельские;Архара ;Архангельская область;Архангельской области;Архангельской области;архангелогородец;архангелогородца;архангелогородцу;архангелогородца;архангелогородце
Астрахань;Астрахани;Астрахани;Астрахани;Астрахань;Астраханский;Астраханского;Астраханскому;Астраханский;Астраханском;Астраханских;Астраханским;Астраханские;Астрахань;Астраханская область;Астраханской области;Астраханской области;астраханец;астраханца;астраханцу;астраханца;астраханце
Ахтубинск;Ахтубинске;Ахтубинска;Ахтубинску;Ахтубинск;Ахтубинский;Ахтубинского;Ахтубинскому;Ахтубинский;Ахтубинском;Ахтубинских;Ахтубинским;Ахтубинские;Ахтубинск;Астраханская область;Астраханской области;Астраханской области;ахтубинец;ахтубинца;ахтубинцу;ахтубинца;ахтубинце
Ачинск;Ачинске;Ачинска;Ачинску;Ачинск;Ачинский;Ачинского;Ачинскому;Ачинский;Ачинском;Ачинских;Ачинским;Ачинские;Ачинск;Красноярский край;Красноярского края;Красноярском крае;ачинец;ачинца;ачинцу;ачинца;ачинце
Балаково;Балаково;Балаково;Балаково;Балаково;Балаковский;Балаковского;Балаковскому;Балаковский;Балаковском;Балаковских;Балаковским;Балаковские;Балаково;Саратовская область;Саратовской области;Саратовской области;балаковец;балаковца;балаковцу;балаковца;балаковце
Балахна;Балахне;Балахны;Балахне;Балахну;Балахнинский;Балахнинского;Балахнинскому;Балахнинский;Балахнинском;Балахнинских;Балахнинским;Балахнинские;Балахна;Нижегородская область;Нижегородской области;Нижегородской области;балахнинец ;балахнинца ;балахнинцу ;балахнинца ;балахнинце 
Балашиха;Балашихе;Балашихи;Балашихе;Балашиху;Балашихинский;Балашихинского;Балашихинскому;Балашихинский;Балашихинском;Балашихинских;Балашихинским;Балашихинские;Балашиха;Московская область;Московской области;Московской области;балашихинец;балашихинца;балашихинцу;балашихинца;балашихинце
Балашов;Балашове;Балашова;Балашову;Балашов;Балашовский;Балашовского;Балашовскому;Балашовский;Балашовском;Балашовских;Балашовским;Балашовские;Балашов;Саратовская область;Саратовской области;Саратовской области;балашовец;балашовца;балашовцу;балашовца;балашовце
Барнаул;Барнауле;Барнаула;Барнаулу;Барнаул;Барнаульский;Барнаульского;Барнаульскому;Барнаульский;Барнаульском;Барнаульских;Барнаульским;Барнаульские;Барнео;Алтайский край;Алтайского края;Алтайском крае;барнаулец;барнаульца;барнаульцу;барнаульца;барнаульце
Батайск;Батайске;Батайска;Батайску;Батайск;Батайский;Батайского;Батайскому;Батайский;Батайском;Батайских;Батайским;Батайские;Батайск;Ростовская область;Ростовской области;Ростовской области;батайчанин;батайчанина;батайчанину;батайчанина;батайчанине
Белгород;Белгороде;Белгорода;Белгороду;Белгород;Белгородский;Белгородского;Белгородскому;Белгородский;Белгородском;Белгородских;Белгородским;Белгородские;Белый город;Белгородская область;Белгородской области;Белгородской области;белгородец;белгородца;белгородцу;белгородца;белгородце
Белебей;Белебее;Белебея;Белебею;Белебей;Белебейский;Белебейского;Белебейскому;Белебейский;Белебейском;Белебейских;Белебейским;Белебейские;Белебей;Республика Башкортостан ;Республики Башкортостан ;Республике Башкортостан ;белебеевец;белебеевца;белебеевцу;белебеевца;белебеевце
Белово;Белово;Белово;Белово;Белово;Беловский;Беловского;Беловскому;Беловский;Беловском;Беловских;Беловским;Беловские;Белово;Кемеровская область;Кемеровской области;Кемеровской области;беловчанин;беловчанина;беловчанину;беловчанина;беловчанине
Белогорск;Белогорске;Белогорска;Белогорску;Белогорск;Белогорский;Белогорского;Белогорскому;Белогорский;Белогорском;Белогорских;Белогорским;Белогорские;Белогорск;Амурская область;Амурской области;Амурской области;белогорец;белогорца;белогорцу;белогорца;белогорце
Белорецк;Белорецке;Белорецка;Белорецку;Белорецк;Белорецкий;Белорецкого;Белорецкому;Белорецкий;Белорецком;Белорецких;Белорецким;Белорецкие;Белорецк;Республика Башкортостан ;Республики Башкортостан ;Республике Башкортостан ;белоречанин;белоречанина;белоречанину;белоречанина;белоречанине
Белореченск;Белореченске;Белореченска;Белореченску;Белореченск;Белореченский;Белореченского;Белореченскому;Белореченский;Белореченском;Белореченских;Белореченским;Белореченские;Белореченск;Краснодарский край;Краснодарского края;Краснодарском крае;белореченец;белореченца;белореченцу;белореченца;белореченце
Бердск;Бердске;Бердска;Бердску;Бердск;Бердский;Бердского;Бердскому;Бердский;Бердском;Бердских;Бердским;Бердские;Бердск;Новосибирская область;Новосибирской области;Новосибирской области;бердчанин;бердчанина;бердчанину;бердчанина;бердчанине
Березники;Березниках;Березников;Березникам;Березники;Березниковский;Березниковского;Березниковскому;Березниковский;Березниковском;Березниковских;Березниковским;Березниковские;Берики ;Пермский край;Пермского края;Пермском крае;березниковец;березниковца;березниковцу;березниковца;березниковце
Бийск;Бийске;Бийска;Бийску;Бийск;Бийский;Бийского;Бийскому;Бийский;Бийском;Бийских;Бийским;Бийские;Бийск;Алтайский край;Алтайского края;Алтайском крае;бийчанин;бийчанина;бийчанину;бийчанина;бийчанине
Благовещенск;Благовещенске;Благовещенска;Благовещенску;Благовещенск;Благовещенский;Благовещенского;Благовещенскому;Благовещенский;Благовещенском;Благовещенских;Благовещенским;Благовещенские;Блага ;Амурская область;Амурской области;Амурской области;благовещенец;благовещенца;благовещенцу;благовещенца;благовещенце
Борисоглебск;Борисоглебске;Борисоглебска;Борисоглебску;Борисоглебск;Борисоглебский;Борисоглебского;Борисоглебскому;Борисоглебский;Борисоглебском;Борисоглебских;Борисоглебским;Борисоглебские;Борисоглебск;Воронежская область;Воронежской области;Воронежской области;борисоглебец;борисоглебца;борисоглебцу;борисоглебца;борисоглебце
Братск;Братске;Братска;Братску;Братск;Братский;Братского;Братскому;Братский;Братском;Братских;Братским;Братские;Братск;Иркутская область;Иркутской области;Иркутской области;братчанин;братчанина;братчанину;братчанина;братчанине
Брянск;Брянске;Брянска;Брянску;Брянск;Брянский;Брянского;Брянскому;Брянский;Брянском;Брянских;Брянским;Брянские;ГЭБрянск;Брянская область;Брянской области;Брянской области;брянец;брянца;брянцу;брянца;брянце
Бугульма;Бугульме;Бугульмы;Бугульме;Бугульму;Бугульминский;Бугульминского;Бугульминскому;Бугульминский;Бугульминском;Бугульминских;Бугульминским;Бугульминские;Бугульма;Республика Татарстан;Республики Татарстан;Республике Татарстан;бугульминец;бугульминца;бугульминцу;бугульминца;бугульминце
Бугуруслан;Бугуруслане;Бугуруслана;Бугуруслану;Бугуруслан;Бугурусланский;Бугурусланского;Бугурусланскому;Бугурусланский;Бугурусланском;Бугурусланских;Бугурусланским;Бугурусланские;Бугуруслан;Оренбургская область;Оренбургской области;Оренбургской области;бугурусланец;бугурусланца;бугурусланцу;бугурусланца;бугурусланце
Бузулук;Бузулуке;Бузулука;Бузулуку;Бузулук;Бузулукский;Бузулукского;Бузулукскому;Бузулукский;Бузулукском;Бузулукских;Бузулукским;Бузулукские;Бузулук;Оренбургская область;Оренбургской области;Оренбургской области;бузулучанин;бузулучанина;бузулучанину;бузулучанина;бузулучанине
Валуйки;Валуйках;Валуек;Валуйкам;Валуйки;Валуйский;Валуйского;Валуйскому;Валуйский;Валуйском;Валуйских;Валуйским;Валуйские;Валуйки;Белгородская область;Белгородской области;Белгородской области;валуйчанин;валуйчанина;валуйчанину;валуйчанина;валуйчанине
Великий Новгород;Великом Новгороде;Великого Новгорода;Великому Новгороду;Великий Новгород;Новгородский;Новгородского;Новгородскому;Новгородский;Новгородском;Новгородских;Новгородским;Новгородские;Новгород;Новгородская область;Новгородской области;Новгородской области;новгородец;новгородца;новгородцу;новгородца;новгородце
Верхняя Пышма;Верхней Пышме;Верхней Пышмы;Верхней Пышме;Верхнюю Пышму;Верхнепышминский;Верхнепышминского;Верхнепышминскому;Верхнепышминский;Верхнепышминском;Верхнепышминских;Верхнепышминским;Верхнепышминские;Верхняя Пышма;Свердловская область;Свердловской области;Свердловской области;верхнепышминец;верхнепышминца;верхнепышминцу;верхнепышминца;верхнепышминце
Верхняя Салда;Верхней Салде;Верхней Салды;Верхней Салде;Верхнюю Салду;Верхнесалдинский;Верхнесалдинского;Верхнесалдинскому;Верхнесалдинский;Верхнесалдинском;Верхнесалдинских;Верхнесалдинским;Верхнесалдинские;Верхняя Салда;Свердловская область;Свердловской области;Свердловской области;верхнесалдинец;верхнесалдинца;верхнесалдинцу;верхнесалдинца;верхнесалдинце
Видное;Видном;Видного;Видному;Видное;Видновский;Видновского;Видновскому;Видновский;Видновском;Видновских;Видновским;Видновские;Видное;Московская область;Московской области;Московской области;видновчанин;видновчанина;видновчанину;видновчанина;видновчанине
Владивосток;Владивостоке;Владивостока;Владивостоку;Владивосток;Владивостокский;Владивостокского;Владивостокскому;Владивостокский;Владивостокскиом;Владивостокских;Владивостокским;Владивостокские;Влад ;Приморский край;Приморского края;Приморском крае;владивостокчанин ;владивостокчанина ;владивостокчанину ;владивостокчанина ;владивостокчанине 
Владикавказ;Владикавказе;Владикавказа;Владикавказу;Владикавказ;Владикавказский;Владикавказского;Владикавказскому;Владикавказский;Владикавказском;Владикавказских;Владикавказским;Владикавказские;Владик ;Республика Северная Осетия - Алания;Республики Северная Осетия - Алания;Республике Северная Осетия - Алания;владикавказец;владикавказца;владикавказцу;владикавказца;владикавказце
Владимир;Владимире;Владимира;Владимиру;Владимир;Владимирский;Владимирского;Владимирскому;Владимирский;Владимирском;Владимирских;Владимирским;Владимирские;Владимир;Владимирская область;Владимирской области;Владимирской области;владимирец;владимирца;владимирцу;владимирца;владимирце
Волгоград;Волгограде;Волгограда;Волгограду;Волгоград;Волгоградский;Волгоградского;Волгоградскому;Волгоградский;Волгоградском;Волгоградских;Волгоградским;Волгоградские;Волгоград;Волгоградская область;Волгоградской области;Волгоградской области;волгоградец;волгоградца;волгоградцу;волгоградца;волгоградце
Волгодонск;Волгодонске;Волгодонска;Волгодонску;Волгодонск;Волгодонскский;Волгодонскского;Волгодонскскому;Волгодонскский;Волгодонскском;Волгодонскских;Волгодонскским;Волгодонскские;Волгодонск;Ростовская область;Ростовской области;Ростовской области;волгодончанин;волгодончанина;волгодончанину;волгодончанина;волгодончанине
Волжск;Волжске;Волжска;Волжску;Волжск;Волжский;Волжского;Волжскому;Волжский;Волжском;Волжских;Волжским;Волжские;Волжск;Республика Марий Эл;Республики Марий Эл;Республике Марий Эл;волжанин;волжанина;волжанину;волжанина;волжанине
Волжский;Волжском;Волжского;Волжскому;Волжский;Волжский;Волжского;Волжскому;Волжский;Волжском;Волжских;Волжским;Волжские;Волжский;Волгоградская область;Волгоградской области;Волгоградской области;волжанин;волжанина;волжанину;волжанина;волжанине
Вологда;Вологде;Вологды;Вологде;Вологду;Вологодский;Вологодского;Вологодскому;Вологодский;Вологодском;Вологодских;Вологодским;Вологодские;Насон-город;Вологодская область;Вологодской области;Вологодской области;вологжанин;вологжанина;вологжанину;вологжанина;вологжанине
Воркута;Воркуте;Воркуты;Воркуте;Воркуту;Воркутинский;Воркутинского;Воркутинскому;Воркутинский;Воркутинском;Воркутинских;Воркутинским;Воркутинские;Воркута;Республика Коми ;Республики Коми ;Республике Коми ;воркутинец;воркутинца;воркутинцу;воркутинца;воркутинце
Воронеж;Воронеже;Воронежа;Воронежу;Воронеж;Воронежский;Воронежского;Воронежскому;Воронежский;Воронежском;Воронежских;Воронежским;Воронежские;ВРН;Воронежская область;Воронежской области;Воронежской области;воронежец;воронежца;воронежцу;воронежца;воронежце
Воскресенск;Воскресенске;Воскресенска;Воскресенску;Воскресенск;Воскресенский;Воскресенского;Воскресенскому;Воскресенский;Воскресенском;Воскресенских;Воскресенским;Воскресенские;Воскресенск;Московская область;Московской области;Московской области;воскресенец;воскресенца;воскресенцу;воскресенца;воскресенце
Воткинск;Воткинске;Воткинска;Воткинску;Воткинск;Воткинский;Воткинского;Воткинскому;Воткинский;Воткинском;Воткинских;Воткинским;Воткинские;Воткинск;Республика Удмуртия;Республики Удмуртия;Республике Удмуртия;воткинец;воткинца;воткинцу;воткинца;воткинце
Всеволожск;Всеволожске;Всеволожска;Всеволожску;Всеволожск;Всеволожский;Всеволожского;Всеволожскому;Всеволожский;Всеволожском;Всеволожских;Всеволожским;Всеволожские;Всеволожск;Ленинградская область;Ленинградской области;Ленинградской области;всеволожец;всеволожца;всеволожцу;всеволожца;всеволожце
Выборг;Выборге;Выборга;Выборгу;Выборг;Выборгский;Выборгского;Выборгскому;Выборгский;Выборгском;Выборгских;Выборгским;Выборгские;Выборг;Ленинградская область;Ленинградской области;Ленинградской области;выборжанин;выборжанина;выборжанину;выборжанина;выборжанине
Выкса;Выксе;Выксы;Выксе;Выксу;Выксунский;Выксунского;Выксунскому;Выксунский;Выксунском;Выксунских;Выксунским;Выксунские;Выкса;Нижегородская область;Нижегородской области;Нижегородской области;выксунец;выксунца;выксунцу;выксунца;выксунце
Гай;Гае;Гая;Гаю;Гай;Гайский;Гайского;Гайскому;Гайский;Гайском;Гайских;Гайским;Гайские;Гай;Оренбургская область;Оренбургской области;Оренбургской области;гайчанин;гайчанина;гайчанину;гайчанина;гайчанине
Гатчина;Гатчине;Гатчины;Гатчине;Гатчину;Гатчинский;Гатчинского;Гатчинскому;Гатчинский;Гатчинском;Гатчинских;Гатчинским;Гатчинские;Гатчина;Ленинградская область;Ленинградской области;Ленинградской области;гатчинец;гатчинца;гатчинцу;гатчинца;гатчинце
Геленджик;Геленджике;Геленджика;Геленджику;Геленджик;Геленджикский;Геленджикского;Геленджикскому;Геленджикский;Геленджикском;Геленджикских;Геленджикским;Геленджикские;Геленджик;Краснодарский край;Краснодарского края;Краснодарском крае;геленджичанин;геленджичанина;геленджичанину;геленджичанина;геленджичанине
Глазов;Глазове;Глазова;Глазову;Глазов;Глазовский;Глазовского;Глазовскому;Глазовский;Глазовском;Глазовских;Глазовским;Глазовские;Глазго;Республика Удмуртия;Республики Удмуртия;Республике Удмуртия;глазовчанин;глазовчанина;глазовчанину;глазовчанина;глазовчанине
Горно-Алтайск;Горно-Алтайске;Горно-Алтайска;Горно-Алтайску;Горно-Алтайск;Горно-алтайский;Горно-алтайского;Горно-алтайскому;Горно-алтайский;Горно-алтайском;Горно-алтайских;Горно-алтайским;Горно-алтайские;Горно-Алтайск;Республика Алтай;Республики Алтай;Республике Алтай;горноалтаец;горноалтайца;горноалтайцу;горноалтайца;горноалтайце
Грязи;Грязи;Грязи;Грязи;Грязи;Грязинский;Грязинского;Грязинскому;Грязинский;Грязинском;Грязинских;Грязинским;Грязинские;Грязи;Липецкая область;Липецкой области;Липецкой области;грязинец;грязинца;грязинцу;грязинца;грязинце
Губкин;Губкине;Губкина;Губкину;Губкин;Губкинский;Губкинского;Губкинскому;Губкинский;Губкинском;Губкинских;Губкинским;Губкинские;Губкин;Белгородская область;Белгородской области;Белгородской области;губкинец;губкинца;губкинцу;губкинца;губкинце
Гуково;Гуково;Гуково;Гуково;Гуково;Гуковский;Гуковского;Гуковскому;Гуковский;Гуковском;Гуковских;Гуковским;Гуковские;Гуково;Ростовская область;Ростовской области;Ростовской области;гуковчанин;гуковчанина;гуковчанину;гуковчанина;гуковчанине
Данков;Данкове;Данкова;Данкову;Данков;Данковский;Данковского;Данковскому;Данковский;Данковском;Данковских;Данковским;Данковские;Данков;Липецкая область;Липецкой области;Липецкой области;данковчанин;данковчанина;данковчанину;данковчанина;данковчанине
Дедовск;Дедовске;Дедовска;Дедовску;Дедовск;Дедовский;Дедовского;Дедовскому;Дедовский;Дедовском;Дедовских;Дедовским;Дедовские;Дедовск;Московская область;Московской области;Московской области;дедовчанин;дедовчанина;дедовчанину;дедовчанина;дедовчанине
Дербент;Дербенте;Дербента;Дербенту;Дербент;Дербентсткий;Дербентсткого;Дербентсткому;Дербентсткий;Дербентстком;Дербентстких;Дербентстким;Дербентсткие;Дербент;Республика Дагестан;Республики Дагестан;Республике Дагестан;дербентец;дербентца;дербентцу;дербентца;дербентце
Джанкой;Джанкое;Джанкоя;Джанкою;Джанкой;Джанкойский;Джанкойского;Джанкойскому;Джанкойский;Джанкойском;Джанкойских;Джанкойским;Джанкойские;Джанкой;Республика Крым;Республики Крым;Республике Крым;джанкоец;джанкойца;джанкойцу;джанкойца;джанкойце
Дзержинск;Дзержинске;Дзержинска;Дзержинску;Дзержинск;Дзержинский;Дзержинского;Дзержинскому;Дзержинский;Дзержинском;Дзержинских;Дзержинским;Дзержинские;Дуст;Нижегородская область;Нижегородской области;Нижегородской области;дзержинец;дзержинца;дзержинцу;дзержинца;дзержинце
Дзержинский;Дзержинском;Дзержинского;Дзержинскому;Дзержинский;Дзержинский;Дзержинского;Дзержинскому;Дзержинский;Дзержинском;Дзержинских;Дзержинским;Дзержинские;Дзержинский;Московская область;Московской области;Московской области;дзержинец;дзержинца;дзержинцу;дзержинца;дзержинце
Димитровград;Димитровграде;Димитровграда;Димитровграду;Димитровград;Димитровградский;Димитровградского;Димитровградскому;Димитровградский;Димитровградском;Димитровградских;Димитровградским;Димитровградские;ДД ;Ульяновская область;Ульяновской области;Ульяновской области;димитровградец;димитровградца;димитровградцу;димитровградца;димитровградце
Дмитров;Дмитрове;Дмитрова;Дмитрову;Дмитров;Дмитровский;Дмитровского;Дмитровскому;Дмитровский;Дмитровском;Дмитровских;Дмитровским;Дмитровские;Дмитров;Московская область;Московской области;Московской области;дмитровчанин ;дмитровчанина ;дмитровчанину ;дмитровчанина ;дмитровчанине 
Долгопрудный;Долгопрудном;Долгопрудного;Долгопрудному;Долгопрудный;Долгопрудненский;Долгопрудненского;Долгопрудненскому;Долгопрудненский;Долгопрудненском;Долгопрудненских;Долгопрудненским;Долгопрудненские;Долгопа ;Московская область;Московской области;Московской области;долгопрудненец;долгопрудненца;долгопрудненцу;долгопрудненца;долгопрудненце
Домодедово;Домодедово;Домодедово;Домодедово;Домодедово;Домодедовский;Домодедовского;Домодедовскому;Домодедовский;Домодедовском;Домодедовских;Домодедовским;Домодедовские;Домодедово;Московская область;Московской области;Московской области;домодедовец;домодедовца;домодедовцу;домодедовца;домодедовце
Донской;Донском;Донского;Донскому;Донской;Донской;Донского;Донскому;Донской;Донском;Донских;Донским;Донские;Донской;Тульская область;Тульской области;Тульской области;дончанин;дончанина;дончанину;дончанина;дончанине
Дубна;Дубне;Дубны;Дубне;Дубну;Дубненский;Дубненского;Дубненскому;Дубненский;Дубненском;Дубненских;Дубненским;Дубненские;Дубна;Московская область;Московской области;Московской области;дубненец;дубненца;дубненцу;дубненца;дубненце
Евпатория;Евпатории;Евпатории;Евпатории;Евпаторию;Евпаторийский;Евпаторийского;Евпаторийскому;Евпаторийский;Евпаторийском;Евпаторийских;Евпаторийским;Евпаториеские;Евпатория;Республика Крым;Республики Крым;Республике Крым;евпаториец;евпаторийца;евпаторийцу;евпаторийца;евпаторийце
Егорьевск;Егорьевске;Егорьевска;Егорьевску;Егорьевск;Егорьевский;Егорьевского;Егорьевскому;Егорьевский;Егорьевском;Егорьевских;Егорьевским;Егорьевские;Егорьевск;Московская область;Московской области;Московской области;егорьевец;егорьевца;егорьевцу;егорьевца;егорьевце
Ейск;Ейске;Ейска;Ейску;Ейск;Ейский;Ейского;Ейскому;Ейский;Ейском;Ейских;Ейским;Ейские;Ейск;Краснодарский край;Краснодарского края;Краснодарском крае;ейчанин;ейчанина;ейчанину;ейчанина;ейчанине
Екатеринбург;Екатеринбурге;Екатеринбурга;Екатеринбургу;Екатеринбург;Екатеринбургский;Екатеринбургского;Екатеринбургскому;Екатеринбургский;Екатеринбургском;Екатеринбургских;Екатеринбургским;Екатеринбургские;Екб;Свердловская область;Свердловской области;Свердловской области;екатеринбуржец;екатеринабуржца;екатеринубуржцу;екатеринабуржца;екатеринебуржце
Елабуга;Елабуге;Елабуги;Елабуге;Елабугу;Елабужский;Елабужского;Елабужскому;Елабужский;Елабужском;Елабужских;Елабужским;Елабужские;Елабуга;Республика Татарстан;Республики Татарстан;Республике Татарстан;елабужанин ;елабужанина ;елабужанину ;елабужанина ;елабужанине 
Елец;Елеце;Ельца;Ельцу;Елец;Ельцовский;Ельцовского;Ельцовскому;Ельцовский;Ельцовском;Ельцовских;Ельцовским;Ельцовские;Елец;Липецкая область;Липецкой области;Липецкой области;ельчанин;ельчанина;ельчанину;ельчанина;ельчанине
Ессентуки;Ессентуках;Ессентуков;Ессентукам;Ессентуки;Ессентукский;Ессентукского;Ессентукскому;Ессентукский;Ессентукском;Ессентукских;Ессентукским;Ессентукские;Ессентуки;Ставропольский край;Ставропольского края;Ставропольском крае;ессентучанин;ессентучанина;ессентучанину;ессентучанина;ессентучанине
Железногорск;Железногорске;Железногорска;Железногорску;Железногорск;Железногорский;Железногорского;Железногорскому;Железногорский;Железногорском;Железногорских;Железногорским;Железногорские;Железногорск;Красноярский край;Красноярского края;Красноярском крае;железногорец;железногорца;железногорцу;железногорца;железногорце
Железногорск (Курск);Железногорске (Курск);Железногорска (Курск);Железногорску (Курск);Железногорск (Курск);Железногорский (Курск);Железногорского (Курск);Железногорскому (Курск);Железногорский (Курск);Железногорском (Курск);Железногорских (Курск);Железногорским (Курск);Железногорские (Курск);Железногорск (Курск);Курская область;Курской области;Курской области;железногорец;железногорца;железногорцу;железногорца;железногорце
Жигулевск;Жигулевске;Жигулевска;Жигулевску;Жигулевск;Жигулевский;Жигулевского;Жигулевскому;Жигулевский;Жигулевском;Жигулевских;Жигулевским;Жигулевские;Жигулевск;Самарская область;Самарской области;Самарской области;жигулёвец;жигулёвца;жигулёвцу;жигулёвца;жигулёвце
Жуковский;Жуковском;Жуковского;Жуковскому;Жуковский;Жуковский;Жуковского;Жуковскому;Жуковский;Жуковском;Жуковских;Жуковским;Жуковские;Жуковский;Московская область;Московской области;Московской области;жуковчанин;жуковчанина;жуковчанину;жуковчанина;жуковчанине
Заволжье;Заволжье;Заволжья;Заволжью;Заволжье;Заволжский;Заволжского;Заволжскому;Заволжский;Заволжском;Заволжских;Заволжским;Заволжские;Заволжье;Нижегородская область;Нижегородской области;Нижегородской области;заволжанин;заволжанина;заволжанину;заволжанина;заволжанине
Заинск;Заинске;Заинска;Заинску;Заинск;Заинский;Заинского;Заинскому;Заинский;Заинском;Заинских;Заинским;Заинские;Заинск;Республика Татарстан;Республики Татарстан;Республике Татарстан;заинец;заинца;заинцу;заинца;заинце
Звенигород;Звенигороде;Звенигорода;Звенигороду;Звенигород;Звенигородский;Звенигородского;Звенигородскому;Звенигородский;Звенигородском;Звенигородских;Звенигородским;Звенигородские;Звенигород;Московская область;Московской области;Московской области;звенигородец;звенигородца;звенигородцу;звенигородца;звенигородце
Зеленоград;Зеленограде;Зеленограда;Зеленограду;Зеленоград;Зеленоградский;Зеленоградского;Зеленоградскому;Зеленоградский;Зеленоградском;Зеленоградских;Зеленоградским;Зеленоградские;Зелек;Московская область;Московской области;Московской области;зеленоградец;зеленоградца;зеленоградцу;зеленоградца;зеленоградце
Зеленодольск;Зеленодольске;Зеленодольска;Зеленодольску;Зеленодольск;Зеленодольский;Зеленодольского;Зеленодольскому;Зеленодольский;Зеленодольском;Зеленодольских;Зеленодольским;Зеленодольские;Зеленодольск;Республика Татарстан;Республики Татарстан;Республике Татарстан;зеленодолец;зеленодольца;зеленодольцу;зеленодольца;зеленодольце
Златоуст;Златоусте;Златоуста;Златоусту;Златоуст;Златоустовский;Златоустовского;Златоустовскому;Златоустовский;Златоустовском;Златоустовских;Златоустовским;Златоустовские;Златик ;Челябинская область;Челябинской области;Челябинской области;златоустовец;златоустовца;златоустовцу;златоустовца;златоустовце
Иваново;Иваново;Иваново;Иваново;Иваново;Ивановский;Ивановского;Ивановскому;Ивановский;Ивановском;Ивановских;Ивановским;Ивановские;Город невест;Ивановская область;Ивановской области;Ивановской области;ивановец;ивановца;ивановцу;ивановца;ивановце
Ивантеевка;Ивантеевке;Ивантеевки;Ивантеевке;Ивантеевку;Ивантеевский;Ивантеевского;Ивантеевскому;Ивантеевский;Ивантеевском;Ивантеевских;Ивантеевским;Ивантеевские;Ивантеевка;Московская область;Московской области;Московской области;ивантеевец;ивантеевца;ивантеевцу;ивантеевца;ивантеевце
Ижевск;Ижевске;Ижевска;Ижевску;Ижевск;Ижевский;Ижевского;Ижевскому;Ижевский;Ижевском;Ижевских;Ижевским;Ижевские;Ижик ;Республика Удмуртия;Республики Удмуртия;Республике Удмуртия;ижевчанин ;ижевчанина ;ижевчанину ;ижевчанина ;ижевчанине 
Иркутск;Иркутске;Иркутска;Иркутску;Иркутск;Иркутский;Иркутского;Иркутскому;Иркутский;Иркутском;Иркутских;Иркутским;Иркутские;Ирк;Иркутская область;Иркутской области;Иркутской области;иркутянин;иркутянина;иркутянину;иркутянина;иркутянине
Искитим;Искитиме;Искитима;Искитиму;Искитим;Искитимский;Искитимского;Искитимскому;Искитимский;Искитимском;Искитимских;Искитимским;Искитимские;Чикаго;Новосибирская область;Новосибирской области;Новосибирской области;искитимец;искитимца;искитимцу;искитимца;искитимце
Истра;Истре;Истры;Истре;Истру;Истринский;Истринского;Истринскому;Истринский;Истринском;Истринских;Истринским;Истринские;Истра;Московская область;Московской области;Московской области;истринец;истринца;истринцу;истринца;истринце
Ишимбай;Ишимбае;Ишимбая;Ишимбаю;Ишимбай;Ишимбайский;Ишимбайского;Ишимбайскому;Ишимбайский;Ишимбайском;Ишимбайских;Ишимбайским;Ишимбайские;Ишимбай;Республика Башкортостан;Республики Башкортостан;Республике Башкортостан;ишимбаец;ишимбайца;ишимбайцу;ишимбайца;ишимбайце
Йошкар-Ола;Йошкар-Оле;Йошкар-Олы;Йошкар-Оле;Йошкар-Олу;Йошкар-олинский;Йошкар-олинского;Йошкар-олинскому;Йошкар-олинский;Йошкар-олинском;Йошкар-олинских;Йошкар-олинским;Йошкар-олинские;Йошка ;Республика Марий Эл;Республики Марий Эл;Республике Марий Эл;йошкаролинец;йошкаролинца;йошкаролинцу;йошкаролинца;йошкаролинце
Казань;Казани;Казани;Казани;Казань;Казанский;Казанского;Казанскому;Казанский;Казанском;Казанских;Казанским;Казанские;Татарград;Республика Татарстан;Республики Татарстан;Республике Татарстан;казанец;казанца;казанцу;казанца;казанце
Калининград;Калининграде;Калининграда;Калининграду;Калининград;Калининградский;Калининградского;Калининградскому;Калининградский;Калининградском;Калининградских;Калининградским;Калининградские;Кёниг;Калининградская область;Калининградской области;Калининградской области;калининградец;калининградца;калининградцу;калининградца;калининградце
Калуга;Калуге;Калуги;Калуге;Калугу;Калужский;Калужского;Калужскому;Калужский;Калужском;Калужских;Калужским;Калужские;Русский Детройт;Калужская область;Калужской области;Калужской области;калужанин;калужанина;калужанину;калужанина;калужанине
Каменск-Уральский;Каменске-Уральском;Каменска-Уральского;Каменску-Уральскому;Каменск-Уральский;Каменск-уральский;Каменск-уральского;Каменск-уральскому;Каменск-уральский;Каменск-уральском;Каменск-уральских;Каменск-уральским;Каменск-уральские;Каменск-Уральский;Свердловская область;Свердловской области;Свердловской области;каменскуралец ;каменскуральца ;каменскуральцу ;каменскуральца ;каменскуральце 
Каменск-Шахтинский;Каменске-Шахтинском;Каменска-Шахтинского;Каменску-Шахтинскому;Каменск-Шахтинский;Каменск-шахтинский;Каменск-шахтинского;Каменск-шахтинскому;Каменск-шахтинский;Каменск-шахтинском;Каменск-шахтинских;Каменск-шахтинским;Каменск-шахтинские;Каменск-Шахтинский;Ростовская область;Ростовской области;Ростовской области;каменчанин;каменчанина;каменчанину;каменчанина;каменчанине
Камышин;Камышине;Камышина;Камышину;Камышин;Камышинский;Камышинского;Камышинскому;Камышинский;Камышинском;Камышинских;Камышинским;Камышинские;Камышин;Волгоградская область;Волгоградской области;Волгоградской области;камышанин;камышанина;камышанину;камышанина;камышанине
Канаш;Канаше;Канаша;Канашу;Канаш;Канашский;Канашского;Канашскому;Канашский;Канашском;Канашских;Канашским;Канашские;Канаш;Республика Чувашия;Республики Чувашия;Республике Чувашия;канашец;канашца;канашцу;канашца;канашце
Каспийск;Каспийске;Каспийска;Каспийску;Каспийск;Каспийский;Каспийского;Каспийскому;Каспийский;Каспийском;Каспийских;Каспийским;Каспиеские;Каспийск;Республика Дагестан;Республики Дагестан;Республике Дагестан;каспийчанин;каспийчанина;каспийчанину;каспийчанина;каспийчанине
Кашира;Кашире;Каширы;Кашире;Каширу;Каширский;Каширского;Каширскому;Каширский;Каширском;Каширских;Каширским;Каширские;Кашира;Московская область;Московской области;Московской области;каширянин;каширянина;каширянину;каширянина;каширянине
Кемерово;Кемерово;Кемерово;Кемерово;Кемерово;Кемеровский;Кемеровского;Кемеровскому;Кемеровский;Кемеровском;Кемеровских;Кемеровским;Кемеровские;Кемерун ;Кемеровская область;Кемеровской области;Кемеровской области;кемеровчанин;кемеровчанина;кемеровчанину;кемеровчанина;кемеровчанине
Керчь;Керчи;Керчи;Керчи;Керчь;Керченский;Керченского;Керченскому;Керченский;Керченском;Керченских;Керченским;Керченские;Керчь;Республика Крым;Республики Крым;Республике Крым;керчанин;керчанина;керчанину;керчанина;керчанине
Кинешма;Кинешме;Кинешмы;Кинешме;Кинешму;Кинешминский;Кинешминского;Кинешминскому;Кинешминский;Кинешминском;Кинешминских;Кинешминским;Кинешминские;Кинешма;Ивановская область;Ивановской области;Ивановской области;кинешемец;кинешемца;кинешемцу;кинешемца;кинешемце
Киров;Кирове;Кирова;Кирову;Киров;Кировский;Кировского;Кировскому;Кировский;Кировском;Кировских;Кировским;Кировские;Вятка ;Кировская область;Кировской области;Кировской области;кировчанин;кировчанина;кировчанину;кировчанина;кировчанине
Кирово-Чепецк;Кирове-Чепецке;Кирово-Чепецка;Кирово-Чепецку;Кирово-Чепецк;Кирово-чепецкий;Кирово-чепецкого;Кирово-чепецкому;Кирово-чепецкий;Кирово-чепецком;Кирово-чепецких;Кирово-чепецким;Кирово-чепецкие;Кирово-Чепецк;Кировская область;Кировской области;Кировской области;(кирово)чепчанин;(кирово)чепчанина;(кирово)чепчанину;(кирово)чепчанина;(кирово)чепчанине
Киселёвск;Киселёвске;Киселёвска;Киселёвску;Киселёвск;Киселёвский;Киселёвского;Киселёвскому;Киселёвский;Киселёвском;Киселёвских;Киселёвским;Киселёвские;Киселёвск;Кемеровская область;Кемеровской области;Кемеровской области;киселёвчанин;киселёвчанина;киселёвчанину;киселёвчанина;киселёвчанине
Кисловодск;Кисловодске;Кисловодска;Кисловодску;Кисловодск;Кисловодский;Кисловодского;Кисловодскому;Кисловодский;Кисловодском;Кисловодских;Кисловодским;Кисловодские;Кисловодск;Ставропольский край;Ставропольского края;Ставропольском крае;кисловодчанин;кисловодчанина;кисловодчанину;кисловодчанина;кисловодчанине
Клин;Клине;Клина;Клину;Клин;Клинский;Клинского;Клинскому;Клинский;Клинском;Клинских;Клинским;Клинские;Клин;Московская область;Московской области;Московской области;клинчанин;клинчанина;клинчанину;клинчанина;клинчанине
Ковров;Коврове;Коврова;Коврову;Ковров;Ковровский;Ковровского;Ковровскому;Ковровский;Ковровском;Ковровских;Ковровским;Ковровские;Ковров;Владимирская область;Владимирской области;Владимирской области;ковровчанин;ковровчанина;ковровчанину;ковровчанина;ковровчанине
Когалым;Когалыме;Когалыма;Когалыму;Когалым;Когалымский;Когалымского;Когалымскому;Когалымский;Когалымском;Когалымских;Когалымским;Когалымские;Когалым;Тюменская область;Тюменской области;Тюменской области;когалымчанин;когалымчанина;когалымчанину;когалымчанина;когалымчанине
Коломна;Коломне;Коломны;Коломне;Коломну;Коломенский;Коломенского;Коломенскому;Коломенский;Коломенском;Коломенских;Коломенским;Коломенские;Коломна;Московская область;Московской области;Московской области;коломенец;коломенца;коломенцу;коломенца;коломенце
Колпино;Колпино;Колпино;Колпино;Колпино;Колпинский;Колпинского;Колпинскому;Колпинский;Колпинском;Колпинских;Колпинским;Колпинские;Колпино;Ленинградская область;Ленинградской области;Ленинградской области;колпинец;колпинца;колпинцу;колпинца;колпинце
Кольчугино;Кольчугино;Кольчугино;Кольчугино;Кольчугино;Кольчугинский;Кольчугинского;Кольчугинскому;Кольчугинский;Кольчугинском;Кольчугинских;Кольчугинским;Кольчугинские;Кольчугино;Владимирская область;Владимирской области;Владимирской области;кольчугинец;кольчугинца;кольчугинцу;кольчугинца;кольчугинце
Комсомольск-на-Амуре;Комсомольске-на-Амуре;Комсомольска-на-Амуре;Комсомольску-на-Амуре;Комсомольск-на-Амуре;Комсомольский;Комсомольского;Комсомольскому;Комсомольский;Комсомольском;Комсомольских;Комсомольским;Комсомольские;Комса ;Хабаровский край;Хабаровского края;Хабаровском крае;комсомольчанин;комсомольчанина;комсомольчанину;комсомольчанина;комсомольчанине
Копейск;Копейске;Копейска;Копейску;Копейск;Копейский;Копейского;Копейскому;Копейский;Копейском;Копейских;Копейским;Копейские;Копейскгаген;Челябинская область;Челябинской области;Челябинской области;копейчанин;копейчанина;копейчанину;копейчанина;копейчанине
Королев;Королеве;Королева;Королеву;Королев;Королевский;Королевского;Королевскому;Королевский;Королевском;Королевских;Королевским;Королевские;Королев;Московская область;Московской области;Московской области;королёвец;королёвца;королёвцу;королёвца;королёвце
Кострома;Костроме;Костромы;Костроме;Кострому;Костромской;Костромского;Костромскому;Костромской;Костромском;Костромских;Костромским;Костромские;Кострома;Костромская область;Костромской области;Костромской области;костромич;костромича;костромичу;костромича;костромиче
Котельники;Котельниках;Котельников;Котельникову;Котельники;Котельнический;Котельнического;Котельническому;Котельнический;Котельническом;Котельнических;Котельническим;Котельнические;Котельники;Московская область;Московской области;Московской области;котельничанин;котельничанина;котельничанину;котельничанина;котельничанине
Красноармейск;Красноармейске;Красноармейска;Красноармейску;Красноармейск;Красноармейский;Красноармейского;Красноармейскому;Красноармейский;Красноармейском;Красноармейских;Красноармейским;Красноармейские;Красноармейск;Московская область;Московской области;Московской области;красноармеевец;красноармеевца;красноармеевцу;красноармеевца;красноармеевце
Красногорск;Красногорске;Красногорска;Красногорску;Красногорск;Красногорский;Красногорского;Красногорскому;Красногорский;Красногорском;Красногорских;Красногорским;Красногорские;Красногорск;Московская область;Московской области;Московской области;красногорец;красногорца;красногорцу;красногорца;красногорце
Краснодар;Краснодаре;Краснодара;Краснодару;Краснодар;Краснодарский;Краснодарского;Краснодарскому;Краснодарский;Краснодарском;Краснодарских;Краснодарским;Краснодарские;Екатеринодар ;Краснодарский край;Краснодарского края;Краснодарском крае;краснодарец;краснодарца;краснодарцу;краснодарца;краснодарце
Краснокамск;Краснокамске;Краснокамска;Краснокамску;Краснокамск;Краснокамский;Краснокамского;Краснокамскому;Краснокамский;Краснокамском;Краснокамских;Краснокамским;Краснокамские;Краснокамск;Пермский край;Пермского края;Пермском крае;краснокамец;краснокамца;краснокамцу;краснокамца;краснокамце
Красноярск;Красноярске;Красноярска;Красноярску;Красноярск;Красноярский;Красноярского;Красноярскому;Красноярский;Красноярском;Красноярских;Красноярским;Красноярские;Крск;Красноярский край;Красноярского край;Красноярском край;красноярец;красноярца;красноярцу;красноярца;красноярце
Кропоткин;Кропоткине;Кропоткина;Кропоткину;Кропоткин;Кропоткинский;Кропоткинского;Кропоткинскому;Кропоткинский;Кропоткинском;Кропоткинских;Кропоткинским;Кропоткинские;Кропоткин;Краснодарский край;Краснодарского края;Краснодарском крае;кропоткинец;кропоткинца;кропоткинцу;кропоткинца;кропоткинце
Кстово;Кстово;Кстово;Кстово;Кстово;Кстовский;Кстовского;Кстовскому;Кстовский;Кстовском;Кстовских;Кстовским;Кстовские;Кстово;Нижегородская область;Нижегородской области;Нижегородской области;кстовчанин;кстовчанина;кстовчанину;кстовчанина;кстовчанине
Кубинка;Кубинке;Кубинки;Кубинке;Кубинку;Кубинский;Кубинского;Кубинскому;Кубинский;Кубинском;Кубинских;Кубинским;Кубинские;Кубинка;Московская область;Московской области;Московской области;кубинчанин;кубинчанина;кубинчанину;кубинчанина;кубинчанине
Кузнецк;Кузнецке;Кузнецка;Кузнецку;Кузнецк;Кузнецкий;Кузнецкого;Кузнецкому;Кузнецкий;Кузнецком;Кузнецких;Кузнецким;Кузнецкие;Кузнецк;Пензенская область;Пензенской области;Пензенской области;кузнечанин;кузнечанина;кузнечанину;кузнечанина;кузнечанине
Кумертау;Кумертау;Кумертау;Кумертау;Кумертау;Кумертауский;Кумертауского;Кумертаускому;Кумертауский;Кумертауском;Кумертауских;Кумертауским;Кумертауские;Кумертау;Республика Башкортостан;Республики Башкортостан;Республике Башкортостан;кумертаусец;кумертаусца;кумертаусцу;кумертаусца;кумертаусце
Кунгур;Кунгуре;Кунгура;Кунгуру;Кунгур;Кунгурский;Кунгурского;Кунгурскому;Кунгурский;Кунгурском;Кунгурских;Кунгурским;Кунгурские;Кунгур;Пермский край;Пермского края;Пермском крае;кунгуряк;кунгуряка;кунгуряку;кунгуряка;кунгуряке
Курган;Кургане;Кургана;Кургану;Курган;Курганский;Курганского;Курганскому;Курганский;Курганском;Курганских;Курганским;Курганские;Курган;Курганская область;Курганской области;Курганской области;курганец;курганца;курганцу;курганца;курганце
Курск;Курске;Курска;Курску;Курск;Курский;Курского;Курскому;Курский;Курском;Курских;Курским;Курские;Курск;Курская область;Курской области;Курской области;курянин;курянина;курянину;курянина;курянине
Кызыл;Кызыле;Кызыла;Кызылу;Кызыл;Кызылский;Кызылского;Кызылскому;Кызылский;Кызылском;Кызылских;Кызылским;Кызылские;Кызыл;Республика Тыва;Республики Тыва;Республике Тыва;кызылчанин;кызылчанина;кызылчанину;кызылчанина;кызылчанине
Лангепас;Лангепасе;Лангепаса;Лангепасу;Лангепас;Лангепасский;Лангепасского;Лангепасскому;Лангепасский;Лангепасском;Лангепасских;Лангепасским;Лангепасские;Лангепас;Тюменская область;Тюменской области;Тюменской области;лангепасец;лангепасца;лангепасцу;лангепасца;лангепасце
Лениногорск;Лениногорске;Лениногорска;Лениногорску;Лениногорск;Лениногорский;Лениногорского;Лениногорскому;Лениногорский;Лениногорском;Лениногорских;Лениногорским;Лениногорские;Лениногорск;Республика Татарстан;Республики Татарстан;Республике Татарстан;лениногорец;лениногорца;лениногорцу;лениногорца;лениногорце
Ленинск-Кузнецкий;Ленинске-Кузнецком;Ленинска-Кузнецкого;Ленинску-Кузнецкому;Ленинск-Кузнецкий;Ленинск-кузнецкий;Ленинск-кузнецкого;Ленинск-кузнецкому;Ленинск-кузнецкий;Ленинск-кузнецком;Ленинск-кузнецких;Ленинск-кузнецким;Ленинск-кузнецкие;Ленинск-Кузнецкий;Кемеровская область;Кемеровской области;Кемеровской области;ленинск-кузнечанин;ленинск-кузнечанина;ленинск-кузнечанину;ленинск-кузнечанина;ленинск-кузнечанине
Лесосибирск;Лесосибирске;Лесосибирска;Лесосибирску;Лесосибирск;Лесосибирский;Лесосибирского;Лесосибирскому;Лесосибирский;Лесосибирском;Лесосибирских;Лесосибирским;Лесосибирские;Лесосибирск;Красноярский край;Красноярского края;Красноярском крае;лесосибирец;лесосибирца;лесосибирцу;лесосибирца;лесосибирце
Ливны;Ливнах;Ливен;Ливнам;Ливны;Ливенский;Ливенского;Ливенскому;Ливенский;Ливенском;Ливенских;Ливенским;Ливенские;Ливны;Орловская область;Орловской области;Орловской области;ливенец;ливенца;ливенцу;ливенца;ливенце
Липецк;Липецке;Липецка;Липецку;Липецк;Липецкий;Липецкого;Липецкому;Липецкий;Липецком;Липецких;Липецким;Липецкие;Липецк;Липецкая область;Липецкой области;Липецкой области;липчанин;липчанина;липчанину;липчанина;липчанине
Лиски;Лисках;Лисок;Лискам;Лиски;Лискинский;Лискинского;Лискинскому;Лискинский;Лискинском;Лискинских;Лискинским;Лискинские;Лиски;Воронежская область;Воронежской области;Воронежской области;лискинец;лискинца;лискинцу;лискинца;лискинце
Лобня;Лобни;Лобни;Лобни;Лобню;Лобненский;Лобненского;Лобненскому;Лобненский;Лобненском;Лобненских;Лобненским;Лобненские;Лобня;Московская область;Московской области;Московской области;лобнянец;лобнянца;лобнянцу;лобнянца;лобнянце
Ломоносов;Ломоносове;Ломоносова;Ломоносову;Ломоносов;Ломоносовский;Ломоносовского;Ломоносовскому;Ломоносовский;Ломоносовском;Ломоносовских;Ломоносовским;Ломоносовские;Рамбов ;Ленинградская область;Ленинградской области;Ленинградской области;ломоносовец;ломоносовца;ломоносовцу;ломоносовца;ломоносовце
Луга;Луге;Луги;Луге;Лугу;Лужский;Лужского;Лужскому;Лужский;Лужском;Лужских;Лужским;Лужские;Луга;Ленинградская область;Ленинградской области;Ленинградской области;лужанин;лужанина;лужанину;лужанина;лужанине
Луховицы;Луховицах;Луховиц;Луховицам;Луховицы;Луховицкий;Луховицкого;Луховицкому;Луховицкий;Луховицком;Луховицких;Луховицким;Луховицкие;Луховицы;Московская область;Московской области;Московской области;луховичанин;луховичанина;луховичанину;луховичанина;луховичанине
Лысьва;Лысьве;Лысьвы;Лысьве;Лысьву;Лысьвенский;Лысьвенского;Лысьвенскому;Лысьвенский;Лысьвенском;Лысьвенских;Лысьвенским;Лысьвенские;Лысьва;Пермский край;Пермского края;Пермском крае;лысьвенец;лысьвенца;лысьвенцу;лысьвенца;лысьвенце
Лыткарино;Лыткарино;Лыткарино;Лыткарино;Лыткарино;Лыткаринский;Лыткаринского;Лыткаринскому;Лыткаринский;Лыткаринском;Лыткаринских;Лыткаринским;Лыткаринские;Лыткарино;Московская область;Московской области;Московской области;лыткаринец;лыткаринца;лыткаринцу;лыткаринца;лыткаринце
Люберцы;Люберцах;Люберец;Люберцам;Люберцы;Люберецкий;Люберецкого;Люберецкому;Люберецкий;Люберецком;Люберецких;Люберецким;Люберецкие;Люберцы;Московская область;Московской области;Московской области;люберчанин;люберчанина;люберчанину;люберчанина;люберчанине
Магадан;Магадане;Магадана;Магадану;Магадан;Магаданский;Магаданского;Магаданскому;Магаданский;Магаданском;Магаданских;Магаданским;Магаданские;Солнечный Магадан;Магаданская область;Магаданской области;Магаданской области;магаданец;магаданца;магаданцу;магаданца;магаданце
Магнитогорск;Магнитогорске;Магнитогорска;Магнитогорску;Магнитогорск;Магнитогорский;Магнитогорского;Магнитогорскому;Магнитогорский;Магнитогорском;Магнитогорских;Магнитогорским;Магнитогорские;Магнитка;Челябинская область;Челябинской области;Челябинской области;магнитогорец;магнитогорца;магнитогорцу;магнитогорца;магнитогорце
Майкоп;Майкопе;Майкопа;Майкопу;Майкоп;Майкопский;Майкопского;Майкопскому;Майкопский;Майкопском;Майкопских;Майкопским;Майкопские;Майкоп;Республика Адыгея;Республики Адыгея;Республике Адыгея;майкопчанин;майкопчанина;майкопчанину;майкопчанина;майкопчанине
Мариинск;Мариинске;Мариинска;Мариинску;Мариинск;Мариинский;Мариинского;Мариинскому;Мариинский;Мариинском;Мариинских;Мариинским;Мариинские;Мариинск;Кемеровская область;Кемеровской области;Кемеровской области;мариинец;мариинца;мариинцу;мариинца;мариинце
Махачкала;Махачкале;Махачкалы;Махачкале;Махачкала;Махачкалинский;Махачкалинского;Махачкалинскому;Махачкалинский;Махачкалинском;Махачкалинских;Махачкалинским;Махачкалинские;Махачкала;Республика Дагестан;Республики Дагестан;Республике Дагестан;махачкалинец;махачкалинца;махачкалинцу;махачкалинца;махачкалинце
Мегион;Мегионе;Мегиона;Мегиону;Мегион;Мегионский;Мегионского;Мегионскому;Мегионский;Мегионском;Мегионских;Мегионским;Мегионские;Мегион;Тюменская область;Тюменской области;Тюменской области;мегионец;мегионца;мегионцу;мегионца;мегионце
Междуреченск;Междуреченске;Междуреченска;Междуреченску;Междуреченск;Междуреченский;Междуреченского;Междуреченскому;Междуреченский;Междуреченском;Междуреченских;Междуреченским;Междуреченские;Междуреченск;Кемеровская область;Кемеровской области;Кемеровской области;междуреченец;междуреченца;междуреченцу;междуреченца;междуреченце
Мелеуз;Мелеузе;Мелеуза;Мелеузу;Мелеуз;Мелеузовский;Мелеузовского;Мелеузовскому;Мелеузовский;Мелеузовском;Мелеузовских;Мелеузовским;Мелеузовские;Мелеуз;Республика Башкортостан;Республики Башкортостан;Республике Башкортостан;мелеузовец;мелеузовца;мелеузовцу;мелеузовца;мелеузовце
Миасс;Миассе;Миасса;Миассу;Миасс;Миасский;Миасского;Миасскому;Миасский;Миасском;Миасских;Миасским;Миасские;Миасс;Челябинская область;Челябинской области;Челябинской области;миассец;миассца;миассцу;миассца;миассце
Михайловка;Михайловке;Михайловки;Михайловке;Михайловку;Михайловский;Михайловского;Михайловскому;Михайловский;Михайловском;Михайловских;Михайловским;Михайловские;Михайловка;Волгоградская область;Волгоградской области;Волгоградской области;михайловец;михайловца;михайловцу;михайловца;михайловце
Мичуринск;Мичуринске;Мичуринска;Мичуринску;Мичуринск;Мичуринский;Мичуринского;Мичуринскому;Мичуринский;Мичуринском;Мичуринских;Мичуринским;Мичуринские;Мичуринск;Тамбовская область;Тамбовской области;Тамбовской области;мичуринец;мичуринца;мичуринцу;мичуринца;мичуринце
Можайск;Можайске;Можайска;Можайску;Можайск;Можайский;Можайского;Можайскому;Можайский;Можайском;Можайских;Можайским;Можайские;Можайск;Московская область;Московской области;Московской области;можаец ;можайца ;можайцу ;можайца ;можайце 
Мурманск;Мурманске;Мурманска;Мурманску;Мурманск;Мурманский;Мурманского;Мурманскому;Мурманский;Мурманском;Мурманских;Мурманским;Мурманские;Мурик;Мурманская область;Мурманской области;Мурманской области;мурманчанин;мурманчанина;мурманчанину;мурманчанина;мурманчанине
Муром;Муроме;Мурома;Мурому;Муром;Муромский;Муромского;Муромскому;Муромский;Муромском;Муромских;Муромским;Муромские;Муром;Владимирская область;Владимирской области;Владимирской области;муромлянин ;муромлянина ;муромлянину ;муромлянина ;муромлянине 
Мытищи;Мытищах;Мытищ;Мытищам;Мытищи;Мытищинский;Мытищинского;Мытищинскому;Мытищинский;Мытищинском;Мытищинских;Мытищинским;Мытищинские;Мытищи;Московская область;Московской области;Московской области;мытищинец;мытищинца;мытищинцу;мытищинца;мытищинце
Набережные Челны;Набережных Челнах;Набережных Челнов;Набережным Челнам;Набережные Челны;Набережночелнинский;Набережночелнинского;Набережночелнинскому;Набережночелнинский;Набережночелнинском;Набережночелнинских;Набережночелнинским;Набережночелнинские;Челны ;Республика Татарстан;Республики Татарстан;Республике Татарстан;челнинец;челнинца;челнинцу;челнинца;челнинце
Назрань;Назрани;Назрани;Назрани;Назрань;Назрановский;Назрановского;Назрановскому;Назрановский;Назрановском;Назрановских;Назрановским;Назрановские;Назрань;Республика Ингушетия;Республики Ингушетия;Республике Ингушетия;назрановец;назрановца;назрановцу;назрановца;назрановце
Нальчик;Нальчике;Нальчика;Нальчику;Нальчик;Нальчикский;Нальчикского;Нальчикскому;Нальчикский;Нальчикском;Нальчикских;Нальчикским;Нальчикские;Нальчик;Республика Кабардино-Балкария;Республики Кабардино-Балкария;Республике Кабардино-Балкария;нальчанин;нальчанина;нальчанину;нальчанина;нальчанине
Наро-Фоминск;Наро-Фоминске;Наро-Фоминска;Наро-Фоминску;Наро-Фоминск;Наро-фоминский;Наро-фоминского;Наро-фоминскому;Наро-фоминский;Наро-фоминском;Наро-фоминских;Наро-фоминским;Наро-фоминские;Наро-Фоминск;Московская область;Московской области;Московской области;нарофоминец;нарофоминца;нарофоминцу;нарофоминца;нарофоминце
Находка;Находке;Находки;Находке;Находку;Находкинский;Находкинского;Находкинскому;Находкинский;Находкинском;Находкинских;Находкинским;Находкинские;Находка;Приморский край;Приморского края;Приморском крае;находкинец;находкинца;находкинцу;находкинца;находкинце
Невинномысск;Невинномысске;Невинномысска;Невинномысску;Невинномысск;Невинномысский;Невинномысского;Невинномысскому;Невинномысский;Невинномысском;Невинномысских;Невинномысским;Невинномысские;Невинномысск;Ставропольский край;Ставропольского края;Ставропольском крае;невинномысец;невинномысца;невинномысцу;невинномысца;невинномысце
Нефтекамск;Нефтекамске;Нефтекамска;Нефтекамску;Нефтекамск;Нефтекамский;Нефтекамского;Нефтекамскому;Нефтекамский;Нефтекамском;Нефтекамских;Нефтекамским;Нефтекамские;Нефтекамск;Республика Башкортостан;Республики Башкортостан;Республике Башкортостан;нефтекамец;нефтекамца;нефтекамцу;нефтекамца;нефтекамце
Нефтеюганск;Нефтеюганске;Нефтеюганска;Нефтеюганску;Нефтеюганск;Нефтеюганский;Нефтеюганского;Нефтеюганскому;Нефтеюганский;Нефтеюганском;Нефтеюганских;Нефтеюганским;Нефтеюганские;Нефтеюганск;Тюменская область;Тюменской области;Тюменской области;нефтеюганец ;нефтеюганца ;нефтеюганцу ;нефтеюганца ;нефтеюганце 
Нижневартовск;Нижневартовске;Нижневартовска;Нижневартовску;Нижневартовск;Нижневартовский;Нижневартовского;Нижневартовскому;Нижневартовский;Нижневартовском;Нижневартовских;Нижневартовским;Нижневартовские;Вартовск;Тюменская область;Тюменской области;Тюменской области;вартовчанин;вартовчанина;вартовчанину;вартовчанина;вартовчанине
Нижнекамск;Нижнекамске;Нижнекамска;Нижнекамску;Нижнекамск;Нижнекамский;Нижнекамского;Нижнекамскому;Нижнекамский;Нижнекамском;Нижнекамских;Нижнекамским;Нижнекамские;Нижнекамск;Республика Татарстан;Республики Татарстан;Республике Татарстан;нижнекамец;нижнекамца;нижнекамцу;нижнекамца;нижнекамце
Нижний Новгород;Нижнем Новгороде;Нижнего Новгорода;Нижнему Новгороду;Нижний Новгород;Нижненовгородский;Нижненовгородского;Нижненовгородскому;Нижненовгородский;Нижненовгородском;Нижненовгородских;Нижненовгородским;Нижненовгородские;Нижний;Нижегородская область;Нижегородской области;Нижегородской области;нижегородец;нижегородца;нижегородцу;нижегородца;нижегородце
Нижний Тагил;Нижнем Тагиле;Нижнего Тагила;Нижнему Тагилу;Нижний Тагил;Нижнетагильский;Нижнетагильского;Нижнетагильскому;Нижнетагильский;Нижнетагильском;Нижнетагильских;Нижнетагильским;Нижнетагильские;Нижний Тагил;Свердловская область;Свердловской области;Свердловской области;тагильчанин;тагильчанина;тагильчанину;тагильчанина;тагильчанине
Новоалтайск;Новоалтайске;Новоалтайска;Новоалтайску;Новоалтайск;Новоалтайский;Новоалтайского;Новоалтайскому;Новоалтайский;Новоалтайском;Новоалтайских;Новоалтайским;Новоалтайские;Новоалтайск;Алтайский край;Алтайского края;Алтайском крае;новоалтаец;новоалтайца;новоалтайцу;новоалтайца;новоалтайце
Новокузнецк;Новокузнецке;Новокузнецка;Новокузнецку;Новокузнецк;Новокузнецкий;Новокузнецкого;Новокузнецкому;Новокузнецкий;Новокузнецком;Новокузнецких;Новокузнецким;Новокузнецкие;Кузня;Кемеровская область;Кемеровской области;Кемеровской области;новокузнечанин;новокузнечанина;новокузнечанину;новокузнечанина;новокузнечанине
Новокуйбышевск;Новокуйбышевске;Новокуйбышевска;Новокуйбышевску;Новокуйбышевск;Новокуйбышевский;Новокуйбышевского;Новокуйбышевскому;Новокуйбышевский;Новокуйбышевском;Новокуйбышевских;Новокуйбышевским;Новокуйбышевские;Новокуйбышевск;Самарская область;Самарской области;Самарской области;новокуйбышевец;новокуйбышевца;новокуйбышевцу;новокуйбышевца;новокуйбышевце
Новомосковск;Новомосковске;Новомосковска;Новомосковску;Новомосковск;Новомосковский;Новомосковского;Новомосковскому;Новомосковский;Новомосковском;Новомосковских;Новомосковским;Новомосковские;Новомосковск;Тульская область;Тульской области;Тульской области;новомосковец;новомосковца;новомосковцу;новомосковца;новомосковце
Новороссийск;Новороссийске;Новороссийска;Новороссийску;Новороссийск;Новороссийский;Новороссийского;Новороссийскому;Новороссийский;Новороссийском;Новороссийских;Новороссийским;Новороссийские;Новорос ;Краснодарский край;Краснодарского края;Краснодарском крае;новороссиец;новороссийца;новороссийцу;новороссийца;новороссийце
Новосибирск;Новосибирске;Новосибирска;Новосибирску;Новосибирск;Новосибирский;Новосибирского;Новосибирскому;Новосибирский;Новосибирском;Новосибирских;Новосибирским;Новосибирские;Энск ;Новосибирская область;Новосибирской области;Новосибирской области;новосибирец;новосибирца;новосибирцу;новосибирца;новосибирце
Новоуральск;Новоуральске;Новоуральска;Новоуральску;Новоуральск;Новоуральский;Новоуральского;Новоуральскому;Новоуральский;Новоуральском;Новоуральских;Новоуральским;Новоуральские;Новоуральск;Свердловская область;Свердловской области;Свердловской области;новоуралец;новоуральца;новоуральцу;новоуральца;новоуральце
Новочебоксарск;Новочебоксарске;Новочебоксарска;Новочебоксарску;Новочебоксарск;Новочебоксарский;Новочебоксарского;Новочебоксарскому;Новочебоксарский;Новочебоксарском;Новочебоксарских;Новочебоксарским;Новочебоксарские;Новчик ;Республика Чувашия;Республики Чувашия;Республике Чувашия;новочебоксарец;новочебоксарца;новочебоксарцу;новочебоксарца;новочебоксарце
Новочеркасск;Новочеркасске;Новочеркасска;Новочеркасску;Новочеркасск;Новочеркасский;Новочеркасского;Новочеркасскому;Новочеркасский;Новочеркасском;Новочеркасских;Новочеркасским;Новочеркасские;Чек;Ростовская область;Ростовской области;Ростовской области;новочеркасец;новочеркасца;новочеркасцу;новочеркасца;новочеркасце
Новошахтинск;Новошахтинске;Новошахтинска;Новошахтинску;Новошахтинск;Новошахтинский;Новошахтинского;Новошахтинскому;Новошахтинский;Новошахтинском;Новошахтинских;Новошахтинским;Новошахтинские;Новошахтинск;Ростовская область;Ростовской области;Ростовской области;новошахтинец;новошахтинца;новошахтинцу;новошахтинца;новошахтинце
Новый Уренгой;Новом Уренгое;Нового Уренгоя;Новому Уренгою;Новый Уренгой;Новоуренгойский;Новоуренгойского;Новоуренгойскому;Новоуренгойский;Новоуренгойском;Новоуренгойских;Новоуренгойским;Новоуренгойские;НУР;Тюменская область;Тюменской области;Тюменской области;(ново)уренгоец;(ново)уренгойца;(ново)уренгойцу;(ново)уренгойца;(ново)уренгойце
Ногинск;Ногинске;Ногинска;Ногинску;Ногинск;Ногинский;Ногинского;Ногинскому;Ногинский;Ногинском;Ногинских;Ногинским;Ногинские;Ногинск;Московская область;Московской области;Московской области;ногинчанин;ногинчанина;ногинчанину;ногинчанина;ногинчанине
Норильск;Норильске;Норильска;Норильску;Норильск;Норильский;Норильского;Норильскому;Норильский;Норильском;Норильских;Норильским;Норильские;Нора ;Красноярский край;Красноярского края;Красноярском крае;норильчанин ;норильчанина ;норильчанину ;норильчанина ;норильчанине 
Ноябрьск;Ноябрьске;Ноябрьска;Ноябрьску;Ноябрьск;Ноябрьский;Ноябрьского;Ноябрьскому;Ноябрьский;Ноябрьском;Ноябрьских;Ноябрьским;Ноябрьские;Ноябрьск;Тюменская область;Тюменской области;Тюменской области;ноябрянин;ноябрянина;ноябрянину;ноябрянина;ноябрянине
Обнинск;Обнинске;Обнинска;Обнинску;Обнинск;Обнинский;Обнинского;Обнинскому;Обнинский;Обнинском;Обнинских;Обнинским;Обнинские;Обнинск;Калужская область;Калужской области;Калужской области;обнинец;обнинца;обнинцу;обнинца;обнинце
Одинцово;Одинцово;Одинцово;Одинцово;Одинцово;Одинцовский;Одинцовского;Одинцовскому;Одинцовский;Одинцовском;Одинцовских;Одинцовским;Одинцовские;Одинцово;Московская область;Московской области;Московской области;одинцовец;одинцовца;одинцовцу;одинцовца;одинцовце
Октябрьский;Октябрьском;Октябрьского;Октябрьскому;Октябрьский;Октябрьский;Октябрьского;Октябрьскому;Октябрьский;Октябрьском;Октябрьских;Октябрьским;Октябрьские;Октябрьский;Республика Башкортостан;Республики Башкортостан;Республике Башкортостан;октябрец;октябрьца;октябрьцу;октябрьца;октябрьце
Омск;Омске;Омска;Омску;Омск;Омский;Омского;Омскому;Омский;Омском;Омских;Омским;Омские;Гомск ;Омская область ;Омской области ;Омской области ;омич;омича;омичу;омича;омиче
Орел;Орле;Орла;Орлу;Орел;Орловский;Орловского;Орловскому;Орловский;Орловском;Орловских;Орловским;Орловские;Орел;Орловская область;Орловской области;Орловской области;орловчанин;орловчанина;орловчанину;орловчанина;орловчанине
Оренбург;Оренбурге;Оренбурга;Оренбургу;Оренбург;Оренбургский;Оренбургского;Оренбургскому;Оренбургский;Оренбургском;Оренбургских;Оренбургским;Оренбургские;Орен ;Оренбургская область;Оренбургской области;Оренбургской области;оренбуржец;оренбуржца;оренбуржцу;оренбуржца;оренбуржце
Орехово-Зуево;Орехове-Зуеве;Орехова-Зуева;Орехову-Зуеву;Орехово-Зуево;Орехово-зуевский;Орехово-зуевского;Орехово-зуевскому;Орехово-зуевский;Орехово-зуевском;Орехово-зуевских;Орехово-зуевским;Орехово-зуевские;Орехово-Зуево;Московская область;Московской области;Московской области;ореховозуевец;ореховозуевца;ореховозуевцу;ореховозуевца;ореховозуевце
Орск;Орске;Орска;Орску;Орск;Орский;Орского;Орскому;Орский;Орском;Орских;Орским;Орские;Орск;Оренбургская область;Оренбургской области;Оренбургской области;орчанин;орчанина;орчанину;орчанина;орчанине
Отрадный;Отрадном;Отрадного;Отрадному;Отрадный;Отрадненский;Отрадненского;Отрадненскому;Отрадненский;Отрадненском;Отрадненских;Отрадненским;Отрадненские;Отрадный;Самарская область;Самарской области;Самарской области;отрадненец;отрадненца;отрадненцу;отрадненца;отрадненце
Павлово;Павлово;Павлово;Павлово;Павлово;Павловский;Павловского;Павловскому;Павловский;Павловском;Павловских;Павловским;Павловские;Павлово;Нижегородская область;Нижегородской области;Нижегородской области;павловчанин;павловчанина;павловчанину;павловчанина;павловчанине
Пенза;Пензе;Пензы;Пензе;Пензу;Пензенский;Пензенского;Пензенскому;Пензенский;Пензенском;Пензенских;Пензенским;Пензенские;Пенза;Пензенская область;Пензенской области;Пензенской области;пензенец;пензенца;пензенцу;пензенца;пензенце
Первоуральск;Первоуральске;Первоуральска;Первоуральску;Первоуральск;Первоуральский;Первоуральского;Первоуральскому;Первоуральский;Первоуральском;Первоуральских;Первоуральским;Первоуральские;Первоуральск;Свердловская область;Свердловской области;Свердловской области;первоуралец;первоуральца;первоуральцу;первоуральца;первоуральце
Переславль-Залесский;Переславле-Залесском;Переславля-Залесского;Переславлю-Залесскому;Переславль-Залесский;Переславль-залесский;Переславль-залесского;Переславль-залесскому;Переславль-залесский;Переславль-залесском;Переславль-залесских;Переславль-залесским;Переславль-залесские;Переславль-Залесский;Ярославская область;Ярославской области;Ярославской области;переславец;переславца;переславцу;переславца;переславце
Пермь;Перми;Перми;Перми;Пермь;Пермский;Пермского;Пермскому;Пермский;Пермском;Пермских;Пермским;Пермские;Перьм ;Пермский край;Пермского края;Пермском крае;пермяк;пермяка;пермяку;пермяка;пермяке
Петрозаводск;Петрозаводске;Петрозаводска;Петрозаводску;Петрозаводск;Петрозаводский;Петрозаводского;Петрозаводскому;Петрозаводский;Петрозаводском;Петрозаводских;Петрозаводским;Петрозаводские;Птз;Республика Карелия;Республики Карелия;Республике Карелия;петрозаводчанин;петрозаводчанина;петрозаводчанину;петрозаводчанина;петрозаводчанине
Петропавловск-Камчатский;Петропавловске-Камчатском;Петропавловска-Камчатского;Петропавловску-Камчатскому;Петропавловск-Камчатский;Петропавловск-камчатский;Петропавловск-камчатского;Петропавловск-камчатскому;Петропавловск-камчатский;Петропавловск-камчатском;Петропавловск-камчатских;Петропавловск-камчатским;Петропавловск-камчатские;Пикэй ;Камчатский край;Камчатского края;Камчатском крае;петропавловец;петропавловца;петропавловцу;петропавловца;петропавловце
Подольск;Подольске;Подольска;Подольску;Подольск;Подольский;Подольского;Подольскому;Подольский;Подольском;Подольских;Подольским;Подольские;Подольск;Московская область;Московской области;Московской области;подольчанин;подольчанина;подольчанину;подольчанина;подольчанине
Полевской;Полевское;Полевского;Полевскому;Полевской;Полевской;Полевского;Полевскому;Полевской;Полевском;Полевских;Полевским;Полевские;Полевской;Свердловская область;Свердловской области;Свердловской области;полевчанин;полевчанина;полевчанину;полевчанина;полевчанине
Приозерск;Приозерске;Приозерска;Приозерску;Приозерск;Приозерский;Приозерского;Приозерскому;Приозерский;Приозерском;Приозерских;Приозерским;Приозерские;Приозерск;Ленинградская область;Ленинградской области;Ленинградской области;приозерец;приозерца;приозерцу;приозерца;приозерце
Прокопьевск;Прокопьевске;Прокопьевска;Прокопьевску;Прокопьевск;Прокопьевский;Прокопьевского;Прокопьевскому;Прокопьевский;Прокопьевском;Прокопьевских;Прокопьевским;Прокопьевские;Прокопьевск;Кемеровская область;Кемеровской области;Кемеровской области;прокопчанин;прокопчанина;прокопчанину;прокопчанина;прокопчанине
Псков;Пскове;Пскова;Пскову;Псков;Псковский;Псковского;Псковскому;Псковский;Псковском;Псковских;Псковским;Псковские;Пск;Псковская область;Псковской области;Псковской области;пскович ;псковича;псковичу;псковича;псковиче
Пушкин;Пушкине;Пушкина;Пушкину;Пушкин;Пушкинский;Пушкинского;Пушкинскому;Пушкинский;Пушкинском;Пушкинских;Пушкинским;Пушкинские;Пушкин;Ленинградская область;Ленинградской области;Ленинградской области;пушкинец;пушкинца;пушкинцу;пушкинца;пушкинце
Пушкино;Пушкино;Пушкино;Пушкино;Пушкино;Пушкинский;Пушкинского;Пушкинскому;Пушкинский;Пушкинском;Пушкинских;Пушкинским;Пушкинские;Пушкино;Московская область;Московской области;Московской области;пушкинец;пушкинца;пушкинцу;пушкинца;пушкинце
Пущино;Пущино;Пущино;Пущино;Пущино;Пущинский;Пущинского;Пущинскому;Пущинский;Пущинском;Пущинских;Пущинским;Пущинские;Пущино;Московская область;Московской области;Московской области;пущинец;пущинца;пущинцу;пущинца;пущинце
Пыть-Ях;Пыть-Яхе;Пыть-Яха;Пыть-Яху;Пыть-Ях;Пыть-яхский;Пыть-яхского;Пыть-яхскому;Пыть-яхский;Пыть-яхском;Пыть-яхских;Пыть-яхским;Пыть-яхские;Пыть-Ях;Тюменская область;Тюменской области;Тюменской области;пыть-яхец;пыть-яхца;пыть-яхцу;пыть-яхца;пыть-яхце
Пятигорск;Пятигорске;Пятигорска;Пятигорску;Пятигорск;Пятигорский;Пятигорского;Пятигорскому;Пятигорский;Пятигорском;Пятигорских;Пятигорским;Пятигорские;Питер ;Ставропольский край;Ставропольского края;Ставропольском крае;пятигорчанин ;пятигорчанина ;пятигорчанину ;пятигорчанина ;пятигорчанине 
Раменское;Раменском;Раменского;Раменскому;Раменское;Раменский;Раменского;Раменскому;Раменский;Раменском;Раменских;Раменским;Раменские;Раменское;Московская область;Московской области;Московской области;раменец;раменца;раменцу;раменца;раменце
Ревда;Ревде;Ревды;Ревде;Ревду;Ревдинский;Ревдинского;Ревдинскому;Ревдинский;Ревдинском;Ревдинских;Ревдинским;Ревдинские;Ревда;Свердловская область;Свердловской области;Свердловской области;ревдинец;ревдинца;ревдинцу;ревдинца;ревдинце
Реутов;Реутове;Реутова;Реутову;Реутов;Реутовский;Реутовского;Реутовскому;Реутовский;Реутовском;Реутовских;Реутовским;Реутовские;Реутов;Московская область;Московской области;Московской области;реутовец;реутовца;реутовцу;реутовца;реутовце
Ростов-на-Дону;Ростове-на-Дону;Ростова-на-Дону;Ростову-на-Дону;Ростов-на-Дону;Донской;Донского;Донскому;Донской;Донском;Донских;Донским;Донские;РнД;Ростовская область;Ростовской области;Ростовской области;ростовчанин;ростовчанина;ростовчанину;ростовчанина;ростовчанине
Рубцовск;Рубцовске;Рубцовска;Рубцовску;Рубцовск;Рубцовский;Рубцовского;Рубцовскому;Рубцовский;Рубцовском;Рубцовских;Рубцовским;Рубцовские;Рубцовск;Алтайский край;Алтайского края;Алтайском крае;рубцовчанин;рубцовчанина;рубцовчанину;рубцовчанина;рубцовчанине
Руза;Рузе;Рузы;Рузе;Рузу;Рузский;Рузского;Рузскому;Рузский;Рузском;Рузских;Рузским;Рузские;Руза;Московская область;Московской области;Московской области;ружанин;ружанина;ружанину;ружанина;ружанине
Рыбинск;Рыбинске;Рыбинска;Рыбинску;Рыбинск;Рыбинский;Рыбинского;Рыбинскому;Рыбинский;Рыбинском;Рыбинских;Рыбинским;Рыбинские;Фишбург;Ярославская область;Ярославской области;Ярославской области;рыбинец;рыбинца;рыбинцу;рыбинца;рыбинце
Рязань;Рязани;Рязани;Рязани;Рязань;Рязанский;Рязанского;Рязанскому;Рязанский;Рязанском;Рязанских;Рязанским;Рязанские;Столица ВДВ;Рязанская область;Рязанской области;Рязанской области;рязанец;рязанца;рязанцу;рязанца;рязанце
Салават;Салавате;Салавата;Салавату;Салават;Салаватский;Салаватского;Салаватскому;Салаватский;Салаватском;Салаватских;Салаватским;Салаватские;Салават;Республика Башкортостан;Республики Башкортостан;Республике Башкортостан;салаватец;салаватца;салаватцу;салаватца;салаватце
Салехард;Салехарде;Салехарда;Салехарду;Салехард;Салехардский;Салехардского;Салехардскому;Салехардский;Салехардском;Салехардских;Салехардским;Салехардские;Салехард;Тюменская область;Тюменской области;Тюменской области;салехардец;салехардца;салехардцу;салехардца;салехардце
Самара;Самаре;Самары;Самаре;Самару;Самарский;Самарского;Самарскому;Самарский;Самарском;Самарских;Самарским;Самарские;Самара;Самарская область;Самарской области;Самарской области;самарец ;самарца ;самарцу ;самарца ;самарце 
Санкт-Петербург;Санкт-Петербурге;Санкт-Петербурга;Санкт-Петербургу;Санкт-Петербург;Санкт-петербургский;Санкт-петербургского;Санкт-петербургскому;Санкт-петербургский;Санкт-петербургском;Санкт-петербургских;Санкт-петербургским;Санкт-петербургские;СПб;Ленинградская область;Ленинградской области;Ленинградской области;петербуржец;петербуржца;петербуржцу;петербуржца;петербуржце
Саранск;Саранске;Саранска;Саранску;Саранск;Саранский;Саранского;Саранскому;Саранский;Саранском;Саранских;Саранским;Саранские;Сар ;Республика Мордовия;Республики Мордовия;Республике Мордовия;саранчанин ;саранчанина ;саранчанину ;саранчанина ;саранчанине 
Сарапул;Сарапуле;Сарапула;Сарапулу;Сарапул;Сарапульский;Сарапульского;Сарапульскому;Сарапульский;Сарапульском;Сарапульских;Сарапульским;Сарапульские;Сарапул;Республика Удмуртия;Республики Удмуртия;Республике Удмуртия;сарапульчанин;сарапульчанина;сарапульчанину;сарапульчанина;сарапульчанине
Саратов;Саратове;Саратова;Саратову;Саратов;Саратовский;Саратовского;Саратовскому;Саратовский;Саратовском;Саратовских;Саратовским;Саратовские;Столица Поволжья;Саратовская область;Саратовской области;Саратовской области;саратовец;саратовца;саратовцу;саратовца;саратовце
Саяногорск;Саяногорске;Саяногорска;Саяногорску;Саяногорск;Саяногорский;Саяногорского;Саяногорскому;Саяногорский;Саяногорском;Саяногорских;Саяногорским;Саяногорские;Саяногорск;Республика Хакасия;Республики Хакасия;Республике Хакасия;саяногорец;саяногорца;саяногорцу;саяногорца;саяногорце
Свободный;Свободном;Свободного;Свободному;Свободный;Свободненский;Свободненского;Свободненскому;Свободненский;Свободненском;Свободненских;Свободненским;Свободненские;Свободный;Амурская область;Амурской области;Амурской области;свободненец;свободненца;свободненцу;свободненца;свободненце
Севастополь;Севастополе;Севастополя;Севастополю;Севастополь;Севастопольский;Севастопольского;Севастопольскому;Севастопольский;Севастопольском;Севастопольских;Севастопольским;Севастопольские;Севас;Республика Крым;Республики Крым;Республике Крым;севастополец;севастопольца;севастопольцу;севастопольца;севастопольце
Северодвинск;Северодвинске;Северодвинска;Северодвинску;Северодвинск;Северодвинский;Северодвинского;Северодвинскому;Северодвинский;Северодвинском;Северодвинских;Северодвинским;Северодвинские;Сдвинск;Архангельская область;Архангельской области;Архангельской области;северодвинец;северодвинца;северодвинцу;северодвинца;северодвинце
Северск;Северске;Северска;Северску;Северск;Северский;Северского;Северскому;Северский;Северском;Северских;Северским;Северские;Северск;Томская область;Томской области;Томской области;северчанин;северчанина;северчанину;северчанина;северчанине
Сергиев Посад;Сергиеве Посаде;Сергиева Посада;Сергиеву Посаду;Сергиев Посад;Сергиевпосадский;Сергиевпосадского;Сергиевпосадскому;Сергиевпосадский;Сергиевпосадском;Сергиевпосадских;Сергиевпосадским;Сергиевпосадские;Сергиев Посад;Московская область;Московской области;Московской области;сергиевопосадец ;сергиевопосадца ;сергиевопосадцу ;сергиевопосадца ;сергиевопосадце 
Серов;Серове;Серова;Серову;Серов;Серовский;Серовского;Серовскому;Серовский;Серовском;Серовских;Серовским;Серовские;Серов;Свердловская область;Свердловской области;Свердловской области;серовчанин ;серовчанина ;серовчанину ;серовчанина ;серовчанине 
Серпухов;Серпухове;Серпухова;Серпухову;Серпухов;Серпуховский;Серпуховского;Серпуховскому;Серпуховский;Серпуховском;Серпуховских;Серпуховским;Серпуховские;Серпухов;Московская область;Московской области;Московской области;серпухович;серпуховича;серпуховичу;серпуховича;серпуховиче
Сибай;Сибае;Сибая;Сибаю;Сибай;Сибайский;Сибайского;Сибайскому;Сибайский;Сибайском;Сибайских;Сибайским;Сибайские;Сибай;Республика Башкортостан;Республики Башкортостан;Республике Башкортостан;сибаец;сибайца;сибайцу;сибайца;сибайце
Симферополь;Симферополе;Симферополя;Симферополю;Симферополь;Симферопольский;Симферопольского;Симферопольскому;Симферопольский;Симферопольском;Симферопольских;Симферопольским;Симферопольские;Симфи ;Республика Крым;Республики Крым;Республике Крым;симферополец;симферопольца;симферопольцу;симферопольца;симферопольце
Славянск-на-Кубани;Славянске-на-Кубани;Славянска-на-Кубани;Славянску-на-Кубани;Славянск-на-Кубани;Славянский;Славянского;Славянскому;Славянский;Славянском;Славянских;Славянским;Славянские;Славянск-на-Кубани;Краснодарский край;Краснодарского края;Краснодарском крае;славянец;славянца;славянцу;славянца;славянце
Смоленск;Смоленске;Смоленска;Смоленску;Смоленск;Смоленский;Смоленского;Смоленскому;Смоленский;Смоленском;Смоленских;Смоленским;Смоленские;Смоленск;Смоленская область;Смоленской области;Смоленской области;смолянин;смолянина;смолянину;смолянина;смолянине
Соликамск;Соликамске;Соликамска;Соликамску;Соликамск;Соликамский;Соликамского;Соликамскому;Соликамский;Соликамском;Соликамских;Соликамским;Соликамские;Соликамск;Пермский край;Пермского края;Пермском крае;соликамец;соликамца;соликамцу;соликамца;соликамце
Солнечногорск;Солнечногорске;Солнечногорска;Солнечногорску;Солнечногорск;Солнечногорский;Солнечногорского;Солнечногорскому;Солнечногорский;Солнечногорском;Солнечногорских;Солнечногорским;Солнечногорские;Солнечногорск;Московская область;Московской области;Московской области;солнечногорец;солнечногорца;солнечногорцу;солнечногорца;солнечногорце
Сосновый Бор;Сосновом Боре;Соснового Бора;Сосновому Бору;Сосновый Бор;Сосновоборский;Сосновоборского;Сосновоборскому;Сосновоборский;Сосновоборском;Сосновоборских;Сосновоборским;Сосновоборские;Сосновый Бор;Ленинградская область;Ленинградской области;Ленинградской области;сосновоборец;сосновоборца;сосновоборцу;сосновоборца;сосновоборце
Сочи;Сочи;Сочи;Сочи;Сочи;Сочинский;Сочинского;Сочинскому;Сочинский;Сочинском;Сочинских;Сочинским;Сочинские;Сочи;Краснодарский край;Краснодарского края;Краснодарском крае;сочинец;сочинца;сочинцу;сочинца;сочинце
Ставрополь;Ставрополе;Ставрополя;Ставрополю;Ставрополь;Ставропольский;Ставропольского;Ставропольскому;Ставропольский;Ставропольском;Ставропольских;Ставропольским;Ставропольские;Ставрополь;Ставропольский край;Ставропольского края;Ставропольском крае;ставрополец ;ставропольца ;ставропольцу ;ставропольца ;ставропольце 
Старый Оскол;Старом Осколе;Старого Оскола;Старому Осколу;Старый Оскол;Старооскольский;Старооскольского;Старооскольскому;Старооскольский;Старооскольском;Старооскольских;Старооскольским;Старооскольские;Старый Оскол;Белгородская область;Белгородской области;Белгородской области;староосколец ;старооскольца ;старооскольцу ;старооскольца ;старооскольце 
Стерлитамак;Стерлитамаке;Стерлитамака;Стерлитамаку;Стерлитамак;Стерлитамакский;Стерлитамакского;Стерлитамакскому;Стерлитамакский;Стерлитамакском;Стерлитамакских;Стерлитамакским;Стерлитамакские;Стерлик;Республика Башкортостан;Республики Башкортостан;Республике Башкортостан;стерлитамаковец;стерлитамаковца;стерлитамаковцу;стерлитамаковца;стерлитамаковце
Ступино;Ступино;Ступино;Ступино;Ступино;Ступинский;Ступинского;Ступинскому;Ступинский;Ступинском;Ступинских;Ступинским;Ступинские;Ступино;Московская область;Московской области;Московской области;ступинец;ступинца;ступинцу;ступинца;ступинце
Сургут;Сургуте;Сургута;Сургуту;Сургут;Сургутский;Сургутского;Сургутскому;Сургутский;Сургутском;Сургутских;Сургутским;Сургутские;Сургут;Тюменская область;Тюменской области;Тюменской области;сургутянин;сургутянина;сургутянину;сургутянина;сургутянине
Сызрань;Сызрани;Сызрани;Сызрани;Сызрань;Сызраньский;Сызраньского;Сызраньскому;Сызраньский;Сызраньском;Сызраньских;Сызраньским;Сызраньские;Сызрань;Самарская область;Самарской области;Самарской области;сызранец;сызранца;сызранцу;сызранца;сызранце
Сыктывкар;Сыктывкаре;Сыктывкара;Сыктывкару;Сыктывкар;Сыктывкарский;Сыктывкарского;Сыктывкарскому;Сыктывкарский;Сыктывкарском;Сыктывкарских;Сыктывкарским;Сыктывкарские;Сыктывкар;Республика Коми;Республики Коми;Республике Коми;сыктывкарец;сыктывкарца;сыктывкарцу;сыктывкарца;сыктывкарце
Таганрог;Таганроге;Таганрога;Таганрогу;Таганрог;Таганрогский;Таганрогского;Таганрогскому;Таганрогский;Таганрогском;Таганрогских;Таганрогским;Таганрогские;Таган ;Ростовская область;Ростовской области;Ростовской области;таганрожец;таганрожца;таганрожцу;таганрожца;таганрожце
Тамбов;Тамбове;Тамбова;Тамбову;Тамбов;Тамбовский;Тамбовского;Тамбовскому;Тамбовский;Тамбовском;Тамбовских;Тамбовским;Тамбовские;Тамбовск ;Тамбовская область;Тамбовской области;Тамбовской области;тамбовчанин;тамбовчанина;тамбовчанину;тамбовчанина;тамбовчанине
Тверь;Твери;Твери;Твери;Тверь;Тверской;Тверского;Тверскому;Тверской;Тверском;Тверских;Тверским;Тверские;Тверь;Тверская область;Тверской области;Тверской области;тверяк ;тверяка;тверяку;тверяка;тверяке
Тихорецк;Тихорецке;Тихорецка;Тихорецку;Тихорецк;Тихорецкий;Тихорецкого;Тихорецкому;Тихорецкий;Тихорецком;Тихорецких;Тихорецким;Тихорецкие;Тихорецк;Краснодарский край;Краснодарского края;Краснодарском крае;тихоречанин;тихоречанина;тихоречанину;тихоречанина;тихоречанине
Тобольск;Тобольске;Тобольска;Тобольску;Тобольск;Тобольский;Тобольского;Тобольскому;Тобольский;Тобольском;Тобольских;Тобольским;Тобольские;Город на Иртыше;Тюменская область;Тюменской области;Тюменской области;тоболяк;тоболяка;тоболяку;тоболяка;тоболяке
Тольятти;Тольятти;Тольятти;Тольятти;Тольятти;Тольяттинский;Тольяттинского;Тольяттинскому;Тольяттинский;Тольяттинском;Тольяттинских;Тольяттинским;Тольяттинские;Русский Детройт;Самарская область;Самарской области;Самарской области;тольяттинец;тольяттинца;тольяттинцу;тольяттинца;тольяттинце
Томск;Томске;Томска;Томску;Томск;Томский;Томского;Томскому;Томский;Томском;Томских;Томским;Томские;Сибирские Афины;Томская область;Томской области;Томской области;томич;томича;томичу;томича;томиче
Тосно;Тосно;Тосно;Тосно;Тосно;Тосненский;Тосненского;Тосненскому;Тосненский;Тосненском;Тосненских;Тосненским;Тосненские;Тосно;Ленинградская область;Ленинградской области;Ленинградской области;тосненец;тосненца;тосненцу;тосненца;тосненце
Троицк;Троицке;Троицка;Троицку;Троицк;Троицкий;Троицкого;Троицкому;Троицкий;Троицком;Троицких;Троицким;Троицкие;Троицк;Челябинская область;Челябинской области;Челябинской области;троичанин;троичанина;троичанину;троичанина;троичанине
Туапсе;Туапсе;Туапсе;Туапсе;Туапсе;Туапсинский;Туапсинского;Туапсинскому;Туапсинский;Туапсинском;Туапсинских;Туапсинским;Туапсинские;Туапсе;Краснодарский край;Краснодарского края;Краснодарском крае;туапсинец;туапсинца;туапсинцу;туапсинца;туапсинце
Туймазы;Туймазах;Туймазов;Туймазам;Туймазы;Туймазинский;Туймазинского;Туймазинскому;Туймазинский;Туймазинском;Туймазинских;Туймазинским;Туймазинские;Туймазы;Республика Башкортостан;Республики Башкортостан;Республике Башкортостан;туймазинец;туймазинца;туймазинцу;туймазинца;туймазинце
Тула;Туле;Тулы;Туле;Тулу;Тульский;Тульского;Тульскому;Тульский;Тульском;Тульских;Тульским;Тульские;Тула;Тульская область;Тульской области;Тульской области;туляк;туляка;туляку;туляка;туляке
Тюмень;Тюмени;Тюмени;Тюмени;Тюмень;Тюменский;Тюменского;Тюменскому;Тюменский;Тюменском;Тюменских;Тюменским;Тюменские;Тюмень;Тюменская область;Тюменской области;Тюменской области;тюменец;тюменца;тюменцу;тюменца;тюменце
Углич;Угличе;Углича;Угличу;Углич;Угличский;Угличского;Угличскому;Угличский;Угличском;Угличских;Угличским;Угличские;Углич;Ярославская область;Ярославской области;Ярославской области;угличанин;угличанина;угличанину;угличанина;угличанине
Узловая;Узловой;Узловой;Узловой;Узловую;Узловской;Узловского;Узловскому;Узловской;Узловском;Узловских;Узловским;Узловские;Узловая;Тульская область;Тульской области;Тульской области;узловчанин;узловчанина;узловчанину;узловчанина;узловчанине
Улан-Удэ;Улан-Удэ;Улан-Удэ;Улан-Удэ;Улан-Удэ;Улан-удэнский;Улан-удэнского;Улан-удэнскому;Улан-удэнский;Улан-удэнском;Улан-удэнских;Улан-удэнским;Улан-удэнские;УУ ;Республика Бурятия;Республики Бурятия;Республике Бурятия;улан-удэнец;улан-удэнца;улан-удэнцу;улан-удэнца;улан-удэнце
Ульяновск;Ульяновске;Ульяновска;Ульяновску;Ульяновск;Ульяновский;Ульяновского;Ульяновскому;Ульяновский;Ульяновском;Ульяновских;Ульяновским;Ульяновские;Ульск ;Ульяновская область;Ульяновской области;Ульяновской области;ульяновец;ульяновца;ульяновцу;ульяновца;ульяновце
Усолье-Сибирское;Усолье-Сибирском;Усолья-Сибирского;Усолью-Сибирскому;Усолье-Сибирское;Усолье-сибирский;Усолье-сибирского;Усолье-сибирскому;Усолье-сибирский;Усолье-сибирском;Усолье-сибирских;Усолье-сибирским;Усолье-сибирские;Усолье-Сибирское;Иркутская область;Иркутской области;Иркутской области;усольчанин;усольчанина;усольчанину;усольчанина;усольчанине
Уссурийск;Уссурийске;Уссурийска;Уссурийску;Уссурийск;Уссурийский;Уссурийского;Уссурийскому;Уссурийский;Уссурийском;Уссурийских;Уссурийским;Уссуриеские;Уссурийск;Приморский край;Приморского края;Приморском крае;уссуриец;уссурийца;уссурийцу;уссурийца;уссурийце
Уфа;Уфе;Уфы;Уфе;Уфу;Уфимский;Уфимского;Уфимскому;Уфимский;Уфимском;Уфимских;Уфимским;Уфимские;Уха ;Республика Башкортостан;Республики Башкортостан;Республике Башкортостан;уфимец;уфимца;уфимцу;уфимца;уфимце
Ухта;Ухте;Ухты;Ухте;Ухту;Ухтинский;Ухтинского;Ухтинскому;Ухтинский;Ухтинском;Ухтинских;Ухтинским;Ухтинские;Ухта;Республика Коми;Республики Коми;Республике Коми;ухтинец;ухтинца;ухтинцу;ухтинца;ухтинце
Учалы;Учалах;Учалов;Учалам;Учалы;Учалинский;Учалинского;Учалинскому;Учалинский;Учалинском;Учалинских;Учалинским;Учалинские;Учалы;Республика Башкортостан;Республики Башкортостан;Республике Башкортостан;учалинец;учалинца;учалинцу;учалинца;учалинце
Феодосия;Феодосии;Феодосии;Феодосии;Феодосию;Феодоссийский;Феодоссийского;Феодоссийскому;Феодоссийский;Феодоссийском;Феодоссийских;Феодоссийским;Феодоссийские;Феодосия;Республика Крым;Республики Крым;Республике Крым;феодосиец;феодосийца;феодосийцу;феодосийца;феодосийце
Фрязино;Фрязино;Фрязино;Фрязино;Фрязино;Фрязинский;Фрязинского;Фрязинскому;Фрязинский;Фрязинском;Фрязинских;Фрязинским;Фрязинские;Фрязино;Московская область;Московской области;Московской области;фрязинец;фрязинца;фрязинцу;фрязинца;фрязинце
Хабаровск;Хабаровске;Хабаровска;Хабаровску;Хабаровск;Хабаровский;Хабаровского;Хабаровскому;Хабаровский;Хабаровском;Хабаровских;Хабаровским;Хабаровские;Хабар;Хабаровский край;Хабаровского края;Хабаровском крае;хабаровчанин;хабаровчанина;хабаровчанину;хабаровчанина;хабаровчанине
Ханты-Мансийск;Ханты-Мансийске;Ханты-Мансийска;Ханты-Мансийску;Ханты-Мансийск;Ханты-мансийский;Ханты-мансийского;Ханты-мансийскому;Ханты-мансийский;Ханты-мансийском;Ханты-мансийских;Ханты-мансийским;Ханты-мансийские;Ханты ;Тюменская область;Тюменской области;Тюменской области;хантымансиец;хантымансийца;хантымансийцу;хантымансийца;хантымансийце
Хасавюрт;Хасавюрте;Хасавюрта;Хасавюрту;Хасавюрт;Хасавюртовский;Хасавюртовского;Хасавюртовскому;Хасавюртовский;Хасавюртовском;Хасавюртовских;Хасавюртовским;Хасавюртовские;Хас;Республика Дагестан;Республики Дагестан;Республике Дагестан;хасавюртовец;хасавюртовца;хасавюртовцу;хасавюртовца;хасавюртовце
Химки;Химках;Химок;Химкам;Химки;Химкинский;Химкинского;Химкинскому;Химкинский;Химкинском;Химкинских;Химкинским;Химкинские;Химки;Московская область;Московской области;Московской области;химчанин;химчанина;химчанину;химчанина;химчанине
Хотьково;Хотьково;Хотьково;Хотьково;Хотьково;Хотьковский;Хотьковского;Хотьковскому;Хотьковский;Хотьковском;Хотьковских;Хотьковским;Хотьковские;Хотьково;Московская область;Московской области;Московской области;хотьковчанин;хотьковчанина;хотьковчанину;хотьковчанина;хотьковчанине
Чайковский;Чайковском;Чайковского;Чайковскому;Чайковский;Чайковский;Чайковского;Чайковскому;Чайковский;Чайковском;Чайковских;Чайковским;Чайковские;Чикаго;Пермский край;Пермского края;Пермском крае;чайковец;чайковца;чайковцу;чайковца;чайковце
Чапаевск;Чапаевске;Чапаевска;Чапаевску;Чапаевск;Чапаевский;Чапаевского;Чапаевскому;Чапаевский;Чапаевском;Чапаевских;Чапаевским;Чапаевские;Чапаевск;Самарская область;Самарской области;Самарской области;чапаевец;чапаевца;чапаевцу;чапаевца;чапаевце
Чебоксары;Чебоксарах;Чебоксар;Чебоксарам;Чебоксары;Чебоксарский;Чебоксарского;Чебоксарскому;Чебоксарский;Чебоксарском;Чебоксарских;Чебоксарским;Чебоксарские;Чебы ;Республика Чувашия;Республики Чувашия;Республике Чувашия;чебоксарец;чебоксарца;чебоксарцу;чебоксарца;чебоксарце
Челябинск;Челябинске;Челябинска;Челябинску;Челябинск;Челябинский;Челябинского;Челябинскому;Челябинский;Челябинском;Челябинских;Челябинским;Челябинские;Челяба ;Челябинская область;Челябинской области;Челябинской области;челябинец;челябинца;челябинцу;челябинца;челябинце
Череповец;Череповеце;Череповца;Череповцам;Череповец;Череповецкий;Череповецкого;Череповецкому;Череповецкий;Череповецком;Череповецких;Череповецким;Череповецкие;Череп ;Вологодская область;Вологодской области;Воломдской области;череповчанин;череповчанина;череповчанину;череповчанина;череповчанине
Черкесск;Черкесске;Черкесска;Черкесску;Черкесск;Черкесский;Черкесского;Черкесскому;Черкесский;Черкесском;Черкесских;Черкесским;Черкесские;Черкесск;Республика Карачаево-Черкесия;Республики Карачаево-Черкесия;Республике Карачаево-Черкесия;черкесец;черкесца;черкесцу;черкесца;черкесце
Чехов;Чехове;Чехова;Чехову;Чехов;Чеховский;Чеховского;Чеховскому;Чеховский;Чеховском;Чеховских;Чеховским;Чеховские;Чехов;Московская область;Московской области;Московской области;чеховец ;чеховца ;чеховцу ;чеховца ;чеховце 
Чита;Чите;Читы;Чите;Читу;Читинский;Читинского;Читинскому;Читинский;Читинском;Читинских;Читинским;Читинские;Чита;Забайкальский край;Забайкальского края;Забайкальском крае;читинец;читинца;читинцу;читинца;читинце
Шадринск;Шадринске;Шадринска;Шадринску;Шадринск;Шадринский;Шадринского;Шадринскому;Шадринский;Шадринском;Шадринских;Шадринским;Шадринские;Шадринск;Курганская область;Курганской области;Курганской области;шадринец;шадринца;шадринцу;шадринца;шадринце
Шатура;Шатуре;Шатуры;Шатуре;Шатуру;Шатурский;Шатурского;Шатурскому;Шатурский;Шатурском;Шатурских;Шатурским;Шатурские;Шатура;Московская область;Московской области;Московской области;шатурянин;шатурянина;шатурянину;шатурянина;шатурянине
Шахты;Шахтах;Шахт;Шахтам;Шахты;Шахтинский;Шахтинского;Шахтинскому;Шахтинский;Шахтинском;Шахтинских;Шахтинским;Шахтинские;Шахты;Ростовская область;Ростовской области;Ростовской области;шахтинец;шахтинца;шахтинцу;шахтинца;шахтинце
Щекино;Щекино;Щекино;Щекино;Щекино;Щекинский;Щекинского;Щекинскому;Щекинский;Щекинском;Щекинских;Щекинским;Щекинские;Щекино;Тульская область;Тульской области;Тульской области;щёкинец;щёкинца;щёкинцу;щёкинца;щёкинце
Щелково;Щелково;Щелково;Щелково;Щелково;Щелковский;Щелковского;Щелковскому;Щелковский;Щелковском;Щелковских;Щелковским;Щелковские;Щелково;Московская область;Московской области;Московской области;щёлковец ;щёлковца ;щёлковцу ;щёлковца ;щёлковце 
Щербинка;Щербинке;Щербинки;Щербинке;Щербинку;Щербинский;Щербинского;Щербинскому;Щербинский;Щербинском;Щербинских;Щербинским;Щербинские;Щербинка;Московская область;Московской области;Московской области;щербинец;щербинца;щербинцу;щербинца;щербинце
Электрогорск;Электрогорске;Электрогорска;Электрогорску;Электрогорск;Электрогорский;Электрогорского;Электрогорскому;Электрогорский;Электрогорском;Электрогорских;Электрогорским;Электрогорские;Электрогорск;Московская область;Московской области;Московской области;электрогорец;электрогорца;электрогорцу;электрогорца;электрогорце
Электросталь;Электростали;Электростали;Электростали;Электросталь;Электростальский;Электростальского;Электростальскому;Электростальский;Электростальском;Электростальских;Электростальским;Электростальские;Электросталь;Московская область;Московской области;Московской области;электросталец;электростальца;электростальцу;электростальца;электростальце
Элиста;Элисте;Элисты;Элисте;Элисту;Элистинский;Элистинского;Элистинскому;Элистинский;Элистинском;Элистинских;Элистинским;Элистинские;Элиста;Республика Калмыкия;Республики Калмыкия;Республике Калмыкия;элистинец;элистинца;элистинцу;элистинца;элистинце
Энгельс;Энгельсе;Энгельса;Энгельсу;Энгельс;Энгельсский;Энгельсского;Энгельсскому;Энгельсский;Энгельсском;Энгельсских;Энгельсским;Энгельсские;Энгельс;Саратовская область;Саратовской области;Саратовской области;покровчанин;покровчанина;покровчанину;покровчанина;покровчанине
Южно-Сахалинск;Южно-Сахалинске;Южно-Сахалинска;Южно-Сахалинску;Южно-Сахалинск;Южно-сахалинский;Южно-сахалинского;Южно-сахалинскому;Южно-сахалинский;Южно-сахалинском;Южно-сахалинских;Южно-сахалинским;Южно-сахалинские;Южный ;Сахалинская область;Сахалинской области;Сахалинской области;южносахалинец;южносахалинца;южносахалинцу;южносахалинца;южносахалинце
Юрга;Юрге;Юргы;Юрге;Юргу;Юргинский;Юргинского;Юргинскому;Юргинский;Юргинском;Юргинских;Юргинским;Юргинские;Юрга;Кемеровская область;Кемеровской области;Кемеровской области;юргинец;юргинца;юргинцу;юргинца;юргинце
Якутск;Якутске;Якутска;Якутску;Якутск;Якутский;Якутского;Якутскому;Якутский;Якутском;Якутских;Якутским;Якутские;Якутск;Республика Саха (Якутия);Республики Саха (Якутия);Республике Саха (Якутия);якутянин;якутянина;якутянину;якутянина;якутянине
Ялта;Ялте;Ялты;Ялте;Ялту;Ялтинский;Ялтинского;Ялтинскому;Ялтинский;Ялтинском;Ялтинских;Ялтинским;Ялтинские;Ялта;Республика Крым;Республики Крым;Республике Крым;ялтинец;ялтинца;ялтинцу;ялтинца;ялтинце
Ялуторовск;Ялуторовске;Ялуторовска;Ялуторовску;Ялуторовск;Ялуторовский;Ялуторовского;Ялуторовскому;Ялуторовский;Ялуторовском;Ялуторовских;Ялуторовским;Ялуторовские;Ялуторовск;Тюменская область;Тюменской области;Тюменской области;ялуторованин;ялуторованина;ялуторованину;ялуторованина;ялуторованине
Ярославль;Ярославле;Ярославля;Ярославлю;Ярославль;Ярославльский;Ярославльского;Ярославльскому;Ярославльский;Ярославльском;Ярославльских;Ярославльским;Ярославльские;Ярик;Ярославская область;Ярославской области;Ярославской области;ярославец ;ярославца ;ярославцу ;ярославца ;ярославце 